train/n_updates,train/loss,rollout/ep_len_mean,rollout/exploration_rate,time/total_timesteps,train/learning_rate,time/fps,time/time_elapsed,rollout/ep_rew_mean,time/episodes,eval/mean_ep_length,eval/mean_reward
140695,7.847967208363116e-05,35424.0,0.7973450819672132,141696,8.98487715590847e-05,489,289,-15697632.747975748,4,,
283543,0.00015885243192315102,35568.0,0.7946685792349726,284544,8.969631254269126e-05,490,580,-17102455.615865376,8,,
424087,0.00016004801727831364,35424.0,0.7920352459016394,425088,8.954631254269127e-05,490,867,-15991648.150633583,12,,
565783,0.00011223513865843415,35424.0,0.7893803278688524,566784,8.939508303449454e-05,490,1155,-14385991.993478999,16,,
705175,0.00023566506570205092,35308.8,0.7867685792349728,706176,8.924631254269126e-05,490,1439,-13787356.501723448,20,,
846871,0.0008356673642992973,35328.0,0.7841136612021858,847872,8.909508303449454e-05,490,1727,-14456228.18784525,24,,
989719,0.0002595183323137462,35382.857142857145,0.7814371584699454,990720,8.89426240181011e-05,490,2019,-13548026.821554357,28,,
1130263,0.00020495685748755932,35352.0,0.778803825136612,1131264,8.87926240181011e-05,490,2305,-14139386.68811528,32,,
1271959,0.0002682533231563866,35360.0,0.7761489071038252,1272960,8.864139450990438e-05,490,2594,-13575951.571421305,36,,
1411351,0.0010879531037062407,35308.8,0.7735371584699454,1412352,8.84926240181011e-05,490,2879,-14293049.865680426,40,,
1553047,0.0001358170120511204,35319.27272727273,0.7708822404371586,1554048,8.834139450990437e-05,490,3170,-14409977.050344475,44,,
1695895,0.00044426461681723595,35352.0,0.7682057377049182,1696896,8.818893549351093e-05,489,3463,-14717802.169167189,48,,
1836439,0.0008776512695476413,35335.38461538462,0.7655724043715848,1837440,8.803893549351094e-05,489,3750,-14361789.422446769,52,,
1978135,0.00038224842865020037,35341.71428571428,0.762917486338798,1979136,8.788770598531422e-05,489,4040,-14354317.267693928,56,,
2117527,0.0006688119610771537,35308.8,0.7603057377049182,2118528,8.773893549351094e-05,489,4325,-14279497.574808884,60,,
2259223,0.00026237143902108073,35316.0,0.7576508196721311,2260224,8.758770598531421e-05,489,4614,-14150728.055238735,64,,
2402071,0.0008259585592895746,35339.294117647056,0.7549743169398907,2403072,8.743524696892077e-05,489,4906,-14334814.547449706,68,,
2542615,0.0004887392278760672,35328.0,0.7523409836065573,2543616,8.728524696892077e-05,489,5194,-14308017.844872322,72,,
2684311,0.0009455236722715199,35333.05263157895,0.7496860655737705,2685312,8.713401746072405e-05,489,5484,-14475628.573856978,76,,
2823703,0.0001678362605161965,35308.8,0.7470743169398907,2824704,8.698524696892077e-05,489,5772,-14172140.807397436,80,,
2965399,0.00013961414515506476,35314.28571428572,0.744419398907104,2966400,8.683401746072406e-05,489,6062,-14292855.797108153,84,,
3108247,0.00011190435907337815,35332.36363636364,0.7417428961748636,3109248,8.66815584443306e-05,489,6356,-14002185.449148785,88,,
3248791,0.0001771065581124276,35323.82608695652,0.7391095628415301,3249792,8.653155844433062e-05,489,6645,-13787230.645982021,92,,
3390487,0.001333178486675024,35328.0,0.7364546448087432,3391488,8.638032893613389e-05,488,6936,-13734443.991053188,96,,
3529879,0.0002084026054944843,35308.8,0.7338428961748635,3530880,8.623155844433061e-05,488,7222,-13655217.736650933,100,,
3671575,0.0002645804197527468,35308.8,0.7311879781420765,3672576,8.608032893613388e-05,488,7512,-13627248.236814294,104,,
3814423,0.0012176575837656856,35308.8,0.7285114754098361,3815424,8.592786991974044e-05,488,7806,-13566455.74426173,108,,
3954967,0.0010475690942257643,35308.8,0.7258781420765027,3955968,8.577786991974044e-05,488,8104,-13832814.17628429,112,,
4096663,0.0022992780432105064,35308.8,0.7232232240437159,4097664,8.562664041154372e-05,487,8399,-14039743.274408033,116,,
4236055,0.0009300395613536239,35308.8,0.720611475409836,4237056,8.547786991974044e-05,487,8692,-14162928.396204283,120,,
4377751,0.0005450472235679626,35308.8,0.7179565573770492,4378752,8.532664041154373e-05,487,8984,-14005771.654589517,124,,
4520599,0.0008046799339354038,35308.8,0.7152800546448088,4521600,8.517418139515028e-05,487,9278,-14109923.664266711,128,,
4661143,0.0010291589424014091,35308.8,0.7126467213114754,4662144,8.502418139515027e-05,487,9568,-13912078.74861748,132,,
4802839,3.9563859900226817e-05,35308.8,0.7099918032786886,4803840,8.487295188695355e-05,487,9861,-14097011.934832953,136,,
4942231,0.0001989126903936267,35308.8,0.7073800546448088,4943232,8.472418139515027e-05,487,10149,-13947960.800630111,140,,
5083927,0.0008704488864168525,35308.8,0.7047251366120219,5084928,8.457295188695355e-05,486,10443,-13847685.77357746,144,,
5226775,0.0016699039842933416,35308.8,0.7020486338797814,5227776,8.442049287056011e-05,486,10738,-13943488.02573601,148,,
5367319,0.0003220894723199308,35308.8,0.6994153005464482,5368320,8.427049287056011e-05,486,11029,-14191589.653454911,152,,
5509015,0.0028651393949985504,35308.8,0.6967603825136612,5510016,8.41192633623634e-05,486,11323,-14083467.326917922,156,,
5648407,0.000913152180146426,35308.8,0.6941486338797814,5649408,8.397049287056012e-05,486,11611,-14184904.987134181,160,,
5790103,0.00024074380053207278,35308.8,0.6914937158469946,5791104,8.38192633623634e-05,486,11909,-14288260.209606897,164,,
5932951,0.0002522322174627334,35308.8,0.6888172131147542,5933952,8.366680434596995e-05,486,12203,-14035980.88586068,168,,
6073495,0.0013436574954539537,35308.8,0.6861838797814208,6074496,8.351680434596995e-05,486,12493,-14161152.998537503,172,,
6215191,0.0006261126836761832,35308.8,0.683528961748634,6216192,8.336557483777322e-05,486,12784,-13865085.452846171,176,,
6354583,0.0005831956514157355,35308.8,0.6809172131147542,6355584,8.321680434596995e-05,486,13066,-13881455.64801502,180,,
6496279,0.0008928451570682228,35308.8,0.6782622950819672,6497280,8.306557483777323e-05,486,13353,-13911170.091036329,184,,
6639127,0.0005148886702954769,35308.8,0.6755857923497268,6640128,8.291311582137979e-05,486,13643,-14337889.92723489,188,,
6779671,0.0012601494090631604,35308.8,0.6729524590163936,6780672,8.276311582137978e-05,486,13927,-14640039.97918318,192,,
6921367,0.0002638605365063995,35308.8,0.6702975409836065,6922368,8.261188631318307e-05,487,14211,-14485559.10397545,196,,
7060759,0.00017560512060299516,35308.8,0.6676857923497268,7061760,8.246311582137979e-05,487,14492,-14376497.839756522,200,,
7202455,0.0005559187848120928,35308.8,0.66503087431694,7203456,8.231188631318308e-05,487,14777,-14739131.44613256,204,,
7345303,0.00013132319145370275,35308.8,0.6623543715846996,7346304,8.215942729678962e-05,487,15066,-14577115.94414286,208,,
7485847,0.0008838186040520668,35308.8,0.6597210382513661,7486848,8.200942729678962e-05,487,15352,-14386964.809635561,212,,
7627543,0.0002853211772162467,35308.8,0.6570661202185794,7628544,8.18581977885929e-05,487,15637,-14165901.42989585,216,,
7766935,0.0002068338799290359,35308.8,0.6544543715846995,7767936,8.170942729678963e-05,487,15923,-14001663.910533758,220,,
7908631,0.0003666169650387019,35308.8,0.6517994535519125,7909632,8.15581977885929e-05,487,16210,-14285031.97115818,224,,
8051479,0.00015592112322337925,35308.8,0.6491229508196721,8052480,8.140573877219946e-05,488,16500,-14533580.07321712,228,,
8192023,7.609451859025285e-05,35308.8,0.6464896174863389,8193024,8.125573877219946e-05,488,16785,-14539820.1381999,232,,
8333719,0.0005543765728361905,35308.8,0.6438346994535519,8334720,8.110450926400274e-05,488,17074,-14559128.495745832,236,,
8473111,0.0027527478523552418,35308.8,0.6412229508196721,8474112,8.095573877219946e-05,488,17358,-14463624.211790957,240,,
8614807,0.000154811394168064,35308.8,0.6385680327868852,8615808,8.080450926400273e-05,488,17645,-14369221.650206659,244,,
8757655,0.0007381943869404495,35308.8,0.6358915300546448,8758656,8.06520502476093e-05,488,17935,-14217498.921233546,248,,
8898199,0.0020712073892354965,35308.8,0.6332581967213115,8899200,8.050205024760929e-05,488,18219,-14063506.911990121,252,,
9039895,0.0009241460356861353,35308.8,0.6306032786885247,9040896,8.035082073941256e-05,488,18506,-14079522.518387439,256,,
9179287,0.001151026925072074,35308.8,0.6279915300546448,9180288,8.02020502476093e-05,488,18788,-13912339.925499683,260,,
9320983,0.0007769037038087845,35308.8,0.6253366120218581,9321984,8.005082073941257e-05,488,19076,-13898042.24689982,264,,
9463831,0.0008682934567332268,35308.8,0.6226601092896175,9464832,7.989836172301913e-05,488,19367,-14238325.772679582,268,,
9604375,0.0005905013531446457,35308.8,0.6200267759562843,9605376,7.974836172301913e-05,488,19658,-14001631.184907101,272,,
9746071,0.00024667277466505766,35308.8,0.6173718579234972,9747072,7.959713221482241e-05,488,19946,-14297895.138276832,276,,
9885463,0.004228703677654266,35308.8,0.6147601092896174,9886464,7.944836172301913e-05,488,20236,-14390965.168072456,280,,
10027159,0.001339751179330051,35308.8,0.6121051912568306,10028160,7.92971322148224e-05,488,20535,-14138395.995100232,284,,
10170007,0.0001533099275548011,35308.8,0.6094286885245902,10171008,7.914467319842897e-05,487,20845,-13798975.35882417,288,,
10310551,0.0035611065104603767,35308.8,0.6067953551912568,10311552,7.899467319842896e-05,487,21146,-13543341.554843297,292,,
10452247,0.0005277198506519198,35308.8,0.60414043715847,10453248,7.884344369023225e-05,487,21433,-13735351.00125408,296,,
10591639,0.0004264939925633371,35308.8,0.6015286885245902,10592640,7.869467319842897e-05,487,21717,-13803369.224923301,300,,
10733335,0.0006857754196971655,35308.8,0.5988737704918032,10734336,7.854344369023224e-05,487,22006,-13258427.42184824,304,,
10876183,0.001216113450936973,35308.8,0.5961972677595629,10877184,7.83909846738388e-05,487,22296,-13210319.918304801,308,,
11016727,0.00035161152482032776,35308.8,0.5935639344262296,11017728,7.824098467383881e-05,487,22582,-13093005.144677088,312,,
11158423,0.0007770424708724022,35308.8,0.5909090163934427,11159424,7.808975516564209e-05,487,22870,-13396291.026027307,316,,
11297815,0.00028595724143087864,35308.8,0.5882972677595628,11298816,7.794098467383881e-05,487,23153,-13441884.921335032,320,,
11439511,0.00029010974685661495,35308.8,0.585642349726776,11440512,7.778975516564208e-05,488,23441,-13275689.07681672,324,,
11582359,0.00106542999856174,35308.8,0.5829658469945356,11583360,7.763729614924864e-05,488,23732,-13227334.1332677,328,,
11722903,0.00046400108840316534,35308.8,0.5803325136612022,11723904,7.748729614924864e-05,488,24017,-13241956.42695656,332,,
11864599,0.0018556102877482772,35308.8,0.5776775956284154,11865600,7.733606664105192e-05,488,24304,-13423974.68164845,336,,
12003991,0.00018478123820386827,35308.8,0.5750658469945356,12004992,7.718729614924864e-05,488,24587,-13224047.665630909,340,,
12145687,8.858225919539109e-05,35308.8,0.5724109289617487,12146688,7.703606664105192e-05,488,24875,-13546154.582985708,344,,
12288535,0.0035585639998316765,35308.8,0.5697344262295081,12289536,7.688360762465848e-05,488,25166,-13225954.00980821,348,,
12429079,0.00027960847364738584,35308.8,0.5671010928961749,12430080,7.673360762465847e-05,488,25451,-13107030.43145231,352,,
12570775,0.0004300149157643318,35308.8,0.564446174863388,12571776,7.658237811646175e-05,488,25739,-13396391.68040268,356,,
12710167,0.0011161218862980604,35308.8,0.5618344262295083,12711168,7.643360762465847e-05,488,26023,-13582903.415161489,360,,
12851863,0.0009008296765387058,35308.8,0.5591795081967214,12852864,7.628237811646175e-05,488,26311,-13478302.326636272,364,,
12994711,0.0020494619384407997,35308.8,0.5565030054644808,12995712,7.612991910006831e-05,488,26602,-13387003.184639726,368,,
13135255,0.0014064935967326164,35308.8,0.5538696721311476,13136256,7.597991910006831e-05,488,26888,-13665377.7096849,372,,
13276951,0.001100781373679638,35308.8,0.5512147540983607,13277952,7.58286895918716e-05,488,27176,-13482150.33064694,376,,
13416343,0.00018038012785837054,35308.8,0.5486030054644808,13417344,7.567991910006832e-05,488,27460,-13434795.72853218,380,,
13558039,0.0013243351131677628,35308.8,0.5459480874316941,13559040,7.552868959187159e-05,488,27750,-13649916.807037318,384,,
13700887,0.0014671306125819683,35308.8,0.5432715846994537,13701888,7.537623057547815e-05,488,28041,-14045602.72500916,388,,
13841431,9.503835462965071e-05,35308.8,0.5406382513661203,13842432,7.522623057547815e-05,488,28333,-13931015.649794623,392,,
13983127,0.0001930454163812101,35308.8,0.5379833333333335,13984128,7.507500106728142e-05,488,28629,-13779149.82100848,396,,
14122519,0.0002797301858663559,35308.8,0.5353715846994536,14123520,7.492623057547814e-05,488,28915,-14136352.655545749,400,,
14264215,0.0007073371671140194,35308.8,0.5327166666666667,14265216,7.477500106728142e-05,488,29204,-14283011.854507498,404,,
14407063,0.0009942800970748067,35308.8,0.5300401639344263,14408064,7.462254205088799e-05,488,29496,-14503962.731171371,408,,
14547607,0.00014760938938707113,35308.8,0.5274068306010931,14548608,7.447254205088798e-05,488,29786,-14496357.198667118,412,,
14689303,8.447890286333859e-05,35308.8,0.524751912568306,14690304,7.432131254269127e-05,488,30076,-14164664.250191899,416,,
14828695,0.0010468426626175642,35308.8,0.5221401639344263,14829696,7.417254205088799e-05,488,30360,-14120584.786378719,420,,
14970391,0.0003533194540068507,35308.8,0.5194852459016395,14971392,7.402131254269127e-05,488,30651,-14109541.118644841,424,,
15113239,0.00031585892429575324,35308.8,0.5168087431693988,15114240,7.386885352629782e-05,488,30944,-13765969.501612479,428,,
15253783,0.0006888274801895022,35308.8,0.5141754098360656,15254784,7.371885352629782e-05,488,31233,-13896768.149223479,432,,
15395479,0.0006125338841229677,35308.8,0.5115204918032786,15396480,7.356762401810109e-05,488,31524,-13471158.554859128,436,,
15534871,0.00030525727197527885,35308.8,0.508908743169399,15535872,7.341885352629782e-05,488,31812,-13851564.549445193,440,,
15676567,0.0003261308593209833,35308.8,0.506253825136612,15677568,7.32676240181011e-05,488,32107,-13670495.67379312,444,,
15819415,0.0008712775306776166,35308.8,0.5035773224043716,15820416,7.311516500170766e-05,488,32401,-14002098.426470019,448,,
15959959,0.0007587246946059167,35308.8,0.5009439890710382,15960960,7.296516500170765e-05,488,32691,-13979998.164733801,452,,
16101655,0.0003468189970590174,35308.8,0.4982890710382514,16102656,7.281393549351094e-05,488,32984,-13737194.794992208,456,,
16241047,0.00019652629271149635,35308.8,0.49567732240437157,16242048,7.266516500170766e-05,488,33272,-13578433.010853067,460,,
16382743,0.0010739525314420462,35308.8,0.4930224043715848,16383744,7.251393549351093e-05,488,33566,-13548377.847185168,464,,
16525591,0.00033214519498869777,35308.8,0.49034590163934433,16526592,7.23614764771175e-05,488,33862,-13502810.157177722,468,,
16666135,0.000526288989931345,35308.8,0.48771256830601095,16667136,7.221147647711749e-05,487,34155,-13280197.696154304,472,,
16807831,0.00029004199313931167,35308.8,0.4850576502732241,16808832,7.206024696892076e-05,487,34450,-13397357.208860409,476,,
16947223,0.00032776061561889946,35308.8,0.48244590163934437,16948224,7.191147647711748e-05,487,34741,-13282744.414683992,480,,
17088919,0.0001417948806192726,35308.8,0.47979098360655736,17089920,7.176024696892077e-05,487,35036,-13233769.429765057,484,,
17231767,7.416641165036708e-05,35308.8,0.47711448087431696,17232768,7.160778795252733e-05,487,35332,-12702524.387351405,488,,
17372311,0.00048288897960446775,35308.8,0.4744811475409837,17373312,7.145778795252733e-05,487,35621,-12726539.698274989,492,,
17514007,0.0006097368896007538,35308.8,0.47182622950819675,17515008,7.130655844433061e-05,487,35914,-12789146.945891902,496,,
17653399,0.0003372950595803559,35308.8,0.46921448087431694,17654400,7.115778795252733e-05,487,36202,-12430082.87317997,500,,
17795095,0.00048018433153629303,35308.8,0.4665595628415301,17796096,7.10065584443306e-05,487,36495,-12404286.267821979,504,,
17937943,0.0007100269431248307,35308.8,0.4638830601092897,17938944,7.085409942793715e-05,487,36800,-12343724.60043364,508,,
18078487,0.0001945545373018831,35308.8,0.4612497267759563,18079488,7.070409942793716e-05,487,37093,-12587830.631414419,512,,
18220183,0.0010079217609018087,35308.8,0.4585948087431695,18221184,7.055286991974043e-05,487,37389,-12775991.030580387,516,,
18359575,0.0003896246780641377,35308.8,0.4559830601092897,18360576,7.040409942793717e-05,487,37680,-12870591.549858965,520,,
18501271,0.00027857377426698804,35308.8,0.4533281420765027,18502272,7.025286991974044e-05,487,37975,-12716957.17557385,524,,
18644119,0.00024255362222902477,35308.8,0.4506516393442623,18645120,7.0100410903347e-05,487,38272,-12804754.833312208,528,,
18784663,0.0003216161858290434,35308.8,0.4480183060109289,18785664,6.9950410903347e-05,487,38564,-12611172.391875558,532,,
18926359,0.0009222872322425246,35308.8,0.44536338797814207,18927360,6.979918139515028e-05,487,38859,-12780268.85397512,536,,
19065751,0.000992803368717432,35308.8,0.44275163934426226,19066752,6.9650410903347e-05,487,39149,-12633310.37905012,540,,
19207447,0.0003075579006690532,35308.8,0.4400967213114755,19208448,6.949918139515028e-05,486,39445,-12537068.98895286,544,,
19350295,0.003340193536132574,35308.8,0.437420218579235,19351296,6.934672237875684e-05,486,39743,-12617318.15513975,548,,
19490839,0.00019455408619251102,35308.8,0.43478688524590164,19491840,6.919672237875683e-05,486,40038,-12854969.586716617,552,,
19632535,0.00010162383841816336,35308.8,0.4321319672131148,19633536,6.904549287056012e-05,486,40333,-12723470.71260959,556,,
19771927,0.0007826862274669111,35308.8,0.42952021857923506,19772928,6.889672237875683e-05,486,40635,-12811469.080795912,560,,
19913623,0.0002235393039882183,35308.8,0.42686530054644806,19914624,6.874549287056011e-05,486,40930,-12909183.791923279,564,,
20056471,0.001221356214955449,35308.8,0.42418879781420765,20057472,6.859303385416667e-05,486,41231,-12659635.54725117,568,,
20197015,0.0001856137823779136,35308.8,0.4215554644808744,20198016,6.844303385416667e-05,486,41523,-12776067.30047878,572,,
20338711,0.0005438782391138375,35308.8,0.41890054644808744,20339712,6.829180434596994e-05,486,41819,-12496947.838631198,576,,
20478103,0.00015172717394307256,35308.8,0.41628879781420763,20479104,6.814303385416666e-05,486,42110,-12513057.787058871,580,,
20619799,0.0003786784945987165,35308.8,0.4136338797814208,20620800,6.799180434596995e-05,486,42407,-12535672.085534792,584,,
20762647,0.00026492809411138296,35308.8,0.4109573770491804,20763648,6.78393453295765e-05,486,42706,-12935164.236110909,588,,
20903191,0.00025920086773112416,35308.8,0.408324043715847,20904192,6.768934532957651e-05,486,43002,-13211964.189158771,592,,
21044887,0.0007818969315849245,35308.8,0.4056691256830602,21045888,6.753811582137978e-05,486,43302,-13058599.798581552,596,,
21080599,0.0014848272548988461,,0.40500001873671837,21081600,6.750000106728142e-05,,,,,1261440.0,-382903698.9368316
21184279,0.0016651477199047804,35308.8,0.4030573770491804,21185280,6.738934532957651e-05,424,49852,-12933607.30754835,600,,
21325975,0.0006685164989903569,35308.8,0.40040245901639354,21326976,6.723811582137979e-05,425,50150,-13264761.358750176,604,,
21468823,0.0004756104026455432,35308.8,0.39772595628415297,21469824,6.708565680498635e-05,425,50450,-13090133.0756617,608,,
21609367,0.0014872290194034576,35308.8,0.3950926229508196,21610368,6.693565680498634e-05,425,50749,-12913698.44429044,612,,
21751063,0.00010721725993789732,35308.8,0.39243770491803276,21752064,6.678442729678962e-05,426,51046,-12699307.09594489,616,,
21890455,4.794497726834379e-05,35308.8,0.3898259562841531,21891456,6.663565680498634e-05,426,51337,-12543399.875044463,620,,
22032151,0.0002067560562863946,35308.8,0.3871710382513662,22033152,6.648442729678962e-05,426,51637,-12792937.231009372,624,,
22174999,0.0009691336308605969,35308.8,0.3844945355191257,22176000,6.633196828039618e-05,426,51938,-13017013.330041911,628,,
22315543,0.0002619784791022539,35308.8,0.38186120218579234,22316544,6.618196828039618e-05,427,52233,-12985031.938176889,632,,
22457239,0.0003784906002692878,35308.8,0.3792062841530055,22458240,6.603073877219947e-05,427,52531,-12993737.3105598,636,,
22596631,0.0013716497924178839,35308.8,0.3765945355191257,22597632,6.588196828039617e-05,427,52824,-12894859.486882227,640,,
22738327,0.0006004121387377381,35308.8,0.37393961748633875,22739328,6.573073877219946e-05,428,53124,-12753379.403441057,644,,
22881175,0.00026629725471138954,35308.8,0.3712631147540985,22882176,6.557827975580602e-05,428,53427,-12564158.96748883,648,,
23021719,0.0005955505184829235,35308.8,0.3686297814207651,23022720,6.542827975580602e-05,428,53724,-12393569.8465451,652,,
23163415,0.0015915472758933902,35308.8,0.3659748633879783,23164416,6.527705024760929e-05,428,54023,-12399684.230720611,656,,
23302807,0.00021880448912270367,35308.8,0.3633631147540983,23303808,6.512827975580601e-05,429,54315,-12226411.36854512,660,,
23444503,0.00028388097416609526,35308.8,0.3607081967213115,23445504,6.49770502476093e-05,429,54613,-12191617.650156347,664,,
23587351,0.0006023356108926237,35308.8,0.3580316939890711,23588352,6.482459123121584e-05,429,54912,-12477894.09866113,668,,
23727895,0.00021115015260875225,35308.8,0.3553983606557379,23728896,6.467459123121585e-05,429,55207,-12224082.94914239,672,,
23869591,0.0001271913351956755,35308.8,0.3527434426229509,23870592,6.452336172301912e-05,430,55506,-12490379.740120318,676,,
24008983,0.002766699530184269,35308.8,0.35013169398907107,24009984,6.437459123121586e-05,430,55800,-12567867.930509908,680,,
24150679,0.0032694279216229916,35308.8,0.34747677595628423,24151680,6.422336172301913e-05,430,56101,-12309143.28764561,684,,
24293527,0.0005821224767714739,35308.8,0.34480027322404366,24294528,6.407090270662568e-05,430,56402,-11965802.47528931,688,,
24434071,0.00014261534670367837,35308.8,0.34216693989071045,24435072,6.392090270662569e-05,430,56697,-11705933.26099165,692,,
24575767,0.00024986776406876743,35308.8,0.33951202185792345,24576768,6.376967319842896e-05,431,56998,-11883103.503431987,696,,
24715159,0.0005817051278427243,35308.8,0.3369002732240438,24716160,6.36209027066257e-05,431,57292,-11947443.675983744,700,,
24856855,0.0006567121017724276,35308.8,0.3342453551912568,24857856,6.346967319842897e-05,431,57590,-11421858.153926091,704,,
24999703,0.0007080062059685588,35308.8,0.3315688524590164,25000704,6.331721418203553e-05,431,57891,-11349219.315821307,708,,
25140247,0.0020088939927518368,35308.8,0.32893551912568303,25141248,6.316721418203552e-05,432,58187,-11204871.351794124,712,,
25281943,0.0005246169748716056,35308.8,0.3262806010928962,25282944,6.301598467383881e-05,432,58486,-11489075.247606652,716,,
25421335,0.00021197428577579558,35308.8,0.3236688524590164,25422336,6.286721418203553e-05,432,58781,-11511939.97012561,720,,
25563031,0.002524253446608782,35308.8,0.32101393442622944,25564032,6.27159846738388e-05,432,59080,-11342035.72765564,724,,
25705879,0.0014906901633366942,35308.8,0.3183374316939892,25706880,6.256352565744536e-05,432,59381,-11287985.905531859,728,,
25846423,0.0005018257070332766,35308.8,0.31570409836065577,25847424,6.241352565744536e-05,433,59676,-11281764.372619381,732,,
25988119,0.00030865927692502737,35308.8,0.313049180327869,25989120,6.226229614924863e-05,433,59974,-11429059.702263601,736,,
26127511,0.00014943395217414945,35308.8,0.310437431693989,26128512,6.211352565744535e-05,433,60267,-11221105.217963127,740,,
26269207,0.00030548928771167994,35308.8,0.3077825136612022,26270208,6.196229614924864e-05,433,60567,-11538584.407100251,744,,
26412055,0.0005702186026610434,35308.8,0.3051060109289618,26413056,6.18098371328552e-05,433,60869,-11242640.479026908,748,,
26552599,0.00013659751857630908,35308.8,0.30247267759562857,26553600,6.16598371328552e-05,434,61166,-11124038.23300653,752,,
26694295,0.0007277284748852253,35308.8,0.2998177595628415,26695296,6.150860762465848e-05,434,61466,-11397372.07741875,756,,
26833687,0.00034021801548078656,35308.8,0.2972060109289617,26834688,6.13598371328552e-05,434,61762,-11566049.81296371,760,,
26975383,0.00014790725253988057,35308.8,0.294551092896175,26976384,6.120860762465848e-05,434,62061,-11460953.989753671,764,,
27118231,0.00034018285805359483,35308.8,0.29187459016393436,27119232,6.105614860826502e-05,434,62362,-11392582.922648875,768,,
27258775,0.0011378107592463493,35308.8,0.2892412568306011,27259776,6.0906148608265026e-05,435,62660,-11666289.26940735,772,,
27400471,0.0009099041926674545,35308.8,0.28658633879781414,27401472,6.0754919100068305e-05,435,62959,-11489222.313804472,776,,
27539863,0.001089249039068818,35308.8,0.28397459016393456,27540864,6.060614860826504e-05,435,63253,-11432356.86121966,780,,
27681559,0.0002832760801538825,35308.8,0.2813196721311475,27682560,6.045491910006831e-05,435,63552,-11628359.114572931,784,,
27824407,0.0001858756731962785,35308.8,0.2786431693989071,27825408,6.0302460083674866e-05,435,63854,-11994146.65562767,788,,
27964951,0.0003745740687008947,35308.8,0.2760098360655737,27965952,6.015246008367486e-05,435,64151,-11872459.904578641,792,,
28106647,0.0002100811107084155,35308.8,0.2733549180327869,28107648,6.000123057547815e-05,436,64451,-11707205.986813111,796,,
28246039,0.000653106311801821,35308.8,0.2707431693989071,28247040,5.985246008367487e-05,436,64749,-12031063.29996407,800,,
28387735,0.00044536477071233094,35308.8,0.26808825136612024,28388736,5.970123057547814e-05,436,65051,-12162572.40576645,804,,
28530583,0.0012588626705110073,35308.8,0.26541174863387984,28531584,5.954877155908471e-05,436,65353,-12366657.15151895,808,,
28671127,0.0015076822601258755,35308.8,0.26277841530054646,28672128,5.9398771559084705e-05,436,65650,-12363113.044339249,812,,
28812823,0.0002569649077486247,35308.8,0.26012349726775963,28813824,5.924754205088799e-05,436,65951,-12040065.141697166,816,,
28952215,0.00015951522800605744,35308.8,0.2575117486338797,28953216,5.90987715590847e-05,437,66246,-12002825.265058875,820,,
29093911,0.0006486152997240424,35308.8,0.2548568306010929,29094912,5.8947542050887984e-05,437,66549,-11990951.809535362,824,,
29236759,0.00033826366416178644,35308.8,0.25218032786885247,29237760,5.879508303449454e-05,437,66853,-11662474.44256013,828,,
29377303,0.0006411775248125196,35308.8,0.2495469945355192,29378304,5.864508303449455e-05,437,67153,-11810506.177989243,832,,
29518999,0.0010431380942463875,35308.8,0.24689207650273226,29520000,5.849385352629782e-05,437,67453,-11410601.34690954,836,,
29658391,0.0003797318786382675,35308.8,0.24428032786885245,29659392,5.834508303449454e-05,437,67749,-11764661.957023442,840,,
29800087,0.00030751811573281884,35308.8,0.24162540983606562,29801088,5.819385352629782e-05,437,68050,-11576338.11911406,844,,
29942935,0.0025998088531196117,35308.8,0.238948907103825,29943936,5.804139450990437e-05,438,68353,-11891221.653891884,848,,
30083479,0.0002784296520985663,35308.8,0.23631557377049184,30084480,5.789139450990438e-05,438,68651,-11857480.422945537,852,,
30225175,0.0009714000625535846,35308.8,0.23366065573770478,30226176,5.774016500170765e-05,438,68952,-11629004.393745601,856,,
30364567,0.0005829778965562582,35308.8,0.2310489071038252,30365568,5.759139450990438e-05,438,69249,-11467465.431058481,860,,
30506263,0.00046938328887335956,35308.8,0.22839398907103836,30507264,5.7440165001707656e-05,438,69550,-11422927.59418338,864,,
30649111,0.00022191580501385033,35308.8,0.22571748633879785,30650112,5.728770598531421e-05,438,69855,-11363520.209019791,868,,
30789655,0.0005033175111748278,35308.8,0.22308415300546436,30790656,5.713770598531421e-05,438,70157,-11133441.929382868,872,,
30931351,0.0003229037392884493,35308.8,0.22042923497267763,30932352,5.698647647711749e-05,438,70462,-11204575.1700599,876,,
31070743,7.968924182932824e-05,35308.8,0.21781748633879794,31071744,5.683770598531421e-05,439,70761,-11087634.32467349,880,,
31212439,0.0002346294349990785,35308.8,0.215162568306011,31213440,5.6686476477117485e-05,439,71064,-11040773.295576641,884,,
31355287,0.00020811916328966618,35308.8,0.2124860655737706,31356288,5.6534017460724054e-05,439,71369,-10534443.766848229,888,,
31495831,0.0003607795515563339,35308.8,0.2098527322404372,31496832,5.638401746072405e-05,439,71668,-10561621.997833991,892,,
31637527,0.0007967305718921125,35308.8,0.20719781420765038,31638528,5.623278795252733e-05,439,71969,-10626977.929782879,896,,
31776919,0.00012048694770783186,35308.8,0.20458606557377057,31777920,5.608401746072404e-05,439,72269,-10307224.2269035,900,,
31918615,0.0003844203311018646,35308.8,0.2019311475409835,31919616,5.593278795252732e-05,439,72576,-10275175.95647826,904,,
32061463,0.0005019312957301736,35308.8,0.19925464480874333,32062464,5.578032893613388e-05,439,72882,-10208203.99098657,908,,
32202007,0.0014079209649935365,35308.8,0.19662131147540995,32203008,5.5630328936133886e-05,440,73182,-10417498.68289155,912,,
32343703,0.00021675432799383998,35308.8,0.1939663934426229,32344704,5.5479099427937165e-05,440,73483,-10570852.253488619,916,,
32483095,0.0002075014781439677,35308.8,0.1913546448087431,32484096,5.5330328936133886e-05,440,73782,-10628752.653210727,920,,
32624791,0.00043977287714369595,35308.8,0.18869972677595637,32625792,5.5179099427937165e-05,440,74084,-10483461.084880037,924,,
32767639,0.0006431509391404688,35308.8,0.18602322404371585,32768640,5.502664041154371e-05,440,74389,-10526746.668524051,928,,
32908183,0.00035496862255968153,35308.8,0.18338989071038247,32909184,5.487664041154372e-05,440,74692,-10299889.58117274,932,,
33049879,0.00028921494958922267,35308.8,0.18073497267759564,33050880,5.4725410903346994e-05,440,74995,-10431346.13957702,936,,
33189271,0.0008770698914304376,35308.8,0.17812322404371594,33190272,5.457664041154372e-05,440,75297,-10255864.042186558,940,,
33330967,0.0006151743582449853,35308.8,0.1754683060109291,33331968,5.4425410903346994e-05,440,75604,-10129903.242710069,944,,
33473815,0.00035484234103932977,35308.8,0.17279180327868848,33474816,5.4272951886953555e-05,440,75915,-10181651.239805099,948,,
33614359,0.0008563277660869062,35308.8,0.1701584699453551,33615360,5.412295188695355e-05,441,76218,-10364585.62344696,952,,
33756055,0.0010109520517289639,35308.8,0.16750355191256827,33757056,5.397172237875683e-05,441,76524,-10200958.42042562,956,,
33895447,0.0019040596671402454,35308.8,0.1648918032786887,33896448,5.382295188695355e-05,441,76825,-10255061.14504385,960,,
34037143,0.0008846268756315112,35308.8,0.16223688524590163,34038144,5.367172237875682e-05,441,77131,-10290741.198396469,964,,
34179991,0.0006117669981904328,35308.8,0.15956038251366123,34180992,5.35192633623634e-05,441,77439,-10033718.83813698,968,,
34320535,0.0013551285956054926,35308.8,0.15692704918032785,34321536,5.3369263362363395e-05,441,77748,-10080550.5214264,972,,
34462231,0.0002826289855875075,35308.8,0.15427213114754101,34463232,5.3218033854166674e-05,441,78056,-9830601.30546991,976,,
34601623,6.429984205169603e-05,35308.8,0.1516603825136612,34602624,5.306926336236339e-05,441,78361,-9842357.974266928,980,,
34743319,0.00018132416880689561,35308.8,0.14900546448087426,34744320,5.2918033854166666e-05,441,78671,-9841980.19745457,984,,
34886167,0.00016710752970539033,35308.8,0.14632896174863397,34887168,5.276557483777323e-05,441,78980,-10172703.35249457,988,,
35026711,0.0007101183873601258,35308.8,0.1436956284153006,35027712,5.261557483777323e-05,441,79287,-10415951.591076529,992,,
35168407,0.002112181857228279,35308.8,0.14104071038251376,35169408,5.24643453295765e-05,441,79595,-10236761.365907408,996,,
35307799,0.00017321770428679883,35308.8,0.13842896174863384,35308800,5.2315574837773224e-05,441,79900,-10082038.31543295,1000,,
35449495,0.0002701310731936246,35308.8,0.135774043715847,35450496,5.216434532957651e-05,441,80210,-10278502.18491687,1004,,
35592343,0.0005308387335389853,35308.8,0.1330975409836066,35593344,5.201188631318306e-05,442,80520,-10096845.37896463,1008,,
35732887,0.0013419982278719544,35308.8,0.13046420765027333,35733888,5.186188631318306e-05,442,80825,-9886889.08263658,1012,,
35874583,0.00048470738693140447,35308.8,0.1278092896174864,35875584,5.171065680498633e-05,442,81132,-9697526.43872061,1016,,
36013975,0.00023186480393633246,35308.8,0.12519754098360658,36014976,5.1561886313183067e-05,442,81438,-9532251.53210649,1020,,
36155671,0.00014637925778515637,35308.8,0.12254262295081975,36156672,5.1410656804986345e-05,442,81746,-9651823.39710512,1024,,
36298519,0.0005535323871299624,35308.8,0.11986612021857912,36299520,5.12581977885929e-05,442,82060,-9824074.267654559,1028,,
36439063,0.0002537192776799202,35308.8,0.11723278688524597,36440064,5.1108197788592897e-05,442,82369,-9751945.51471481,1032,,
36580759,0.00012987588706891984,35308.8,0.11457786885245891,36581760,5.0956968280396175e-05,442,82679,-9729282.22743459,1036,,
36720151,0.00022887412342242897,35308.8,0.11196612021857932,36721152,5.0808197788592896e-05,442,82981,-9617182.32342301,1040,,
36861847,0.00012195351882837713,35308.8,0.10931120218579238,36862848,5.065696828039618e-05,442,83287,-9496465.0230191,1044,,
37004695,0.00032293994445353746,35308.8,0.10663469945355197,37005696,5.0504509264002736e-05,442,83603,-9242556.55156598,1048,,
37145239,0.00012833606160711497,35308.8,0.10400136612021849,37146240,5.035450926400273e-05,442,83913,-9056763.652163979,1052,,
37286935,0.00010927633411483839,35308.8,0.10134644808743176,37287936,5.020327975580602e-05,442,84219,-9020083.1007061,1056,,
37426327,0.0006271891761571169,35308.8,0.09873469945355196,37427328,5.005450926400274e-05,442,84522,-8804359.99261729,1060,,
37568023,0.0002548474003560841,35308.8,0.0960797814207649,37569024,4.990327975580601e-05,442,84829,-8744833.9339863,1064,,
37710871,0.0002492564672138542,35308.8,0.09340327868852472,37711872,4.975082073941258e-05,442,85142,-8873970.762869662,1068,,
37851415,0.00018231745343655348,35308.8,0.09076994535519134,37852416,4.9600820739412576e-05,442,85449,-8647631.456694098,1072,,
37993111,0.0002508342149667442,35308.8,0.0881150273224045,37994112,4.944959123121585e-05,443,85756,-8767176.679607488,1076,,
38132503,0.00015349817113019526,35308.8,0.08550327868852448,38133504,4.930082073941257e-05,443,86064,-8788053.45128029,1080,,
38274199,0.00020709734235424548,35308.8,0.08284836065573764,38275200,4.9149591231215854e-05,443,86373,-8489200.39633062,1084,,
38417047,0.0010961380321532488,35308.8,0.08017185792349724,38418048,4.899713221482241e-05,443,86690,-8163665.453574721,1088,,
38557591,0.00032019882928580046,35308.8,0.07753852459016408,38558592,4.8847132214822405e-05,443,86998,-7871101.750190199,1092,,
38699287,0.0001864164660219103,35308.8,0.07488360655737702,38700288,4.869590270662569e-05,443,87315,-7960614.12485004,1096,,
38838679,0.00025674462085589767,35308.8,0.07227185792349722,38839680,4.854713221482241e-05,443,87626,-7948569.55860706,1100,,
38980375,0.00024271894653793424,35308.8,0.0696169398907105,38981376,4.839590270662569e-05,443,87944,-7519991.327662891,1104,,
39123223,0.00024342272081412375,35308.8,0.06694043715846987,39124224,4.824344369023224e-05,443,88262,-7379299.901399519,1108,,
39263767,0.0005785695975646377,35308.8,0.0643071038251366,39264768,4.8093443690232234e-05,443,88572,-7179104.710446221,1112,,
39405463,0.00014954101061448455,35308.8,0.061652185792349656,39406464,4.794221418203552e-05,443,88889,-7237404.205029401,1116,,
39544855,6.630539428442717e-05,35308.8,0.05904043715847007,39545856,4.779344369023225e-05,443,89201,-7205604.14132599,1120,,
39686551,8.994821109808981e-05,35308.8,0.056385519125683015,39687552,4.764221418203552e-05,443,89518,-6906369.49186087,1124,,
39829399,7.468394323950633e-05,35308.8,0.05370901639344261,39830400,4.748975516564208e-05,443,89835,-6713878.045383109,1128,,
39969943,8.039711246965453e-05,35308.8,0.051075683060109234,39970944,4.733975516564208e-05,443,90151,-6599609.597243761,1132,,
40111639,0.00029583738069050014,35308.8,0.0484207650273224,40112640,4.718852565744536e-05,443,90469,-6536400.823108571,1136,,
40251031,8.137973054545e-05,35308.8,0.04580901639344259,40252032,4.7039755165642084e-05,443,90780,-6327707.82744186,1140,,
40392727,0.0001225756132043898,35308.8,0.04315409836065576,40393728,4.6888525657445356e-05,443,91091,-6409945.936097461,1144,,
40535575,0.00010134278272744268,35308.8,0.04047759562841535,40536576,4.6736066641051924e-05,443,91407,-6162290.25923425,1148,,
40676119,0.00013783873873762786,35308.8,0.037844262295081976,40677120,4.658606664105192e-05,443,91714,-6023837.78272162,1152,,
40817815,8.625380723970011e-05,35308.8,0.03518934426229514,40818816,4.64348371328552e-05,443,92034,-6007020.724034232,1156,,
40957207,5.578298441832885e-05,35308.8,0.032577595628415223,40958208,4.628606664105191e-05,443,92338,-5998713.767822331,1160,,
41098903,7.813212141627446e-05,35308.8,0.02992267759562839,41099904,4.613483713285519e-05,443,92647,-5817036.2392837405,1164,,
41241751,7.470334094250575e-05,35308.8,0.027246174863387984,41242752,4.5982378116461753e-05,443,92959,-5612067.045529969,1168,,
41382295,0.00011451778118498623,35308.8,0.02461284153005472,41383296,4.5832378116461757e-05,443,93267,-5584263.33681535,1172,,
41523991,0.00029957888182252645,35308.8,0.021957923497267773,41524992,4.568114860826503e-05,443,93579,-5364612.72151844,1176,,
41663383,0.00013592824689112604,35308.8,0.019346174863387966,41664384,4.553237811646175e-05,443,93884,-5263546.58245653,1180,,
41805079,0.00012887141201645136,35308.8,0.01669125683060113,41806080,4.5381148608265035e-05,443,94200,-5217676.78324745,1184,,
41947927,0.00010218389797955751,35308.8,0.014014754098360505,41948928,4.522868959187158e-05,443,94518,-5170612.66187152,1188,,
42088471,8.624840847915038e-05,35308.8,0.01138142076502735,42089472,4.507868959187159e-05,443,94830,-5049351.44768752,1192,,
42162199,7.516604819102213e-05,,0.010000018736718297,42163200,4.5000001067281425e-05,,,,,1261440.0,-110469632.65473399
42230167,2.5773246306926012e-05,35308.8,0.01,42231168,4.4927460083674865e-05,416,101513,-4845956.588361051,1196,,
42369559,4.9534504796611145e-05,35308.8,0.01,42370560,4.4778689591871585e-05,416,101819,-4794871.552244561,1200,,
42511255,0.0001439026091247797,35308.8,0.01,42512256,4.4627460083674864e-05,416,102130,-4685934.41648914,1204,,
42654103,3.320522228023037e-05,35308.8,0.01,42655104,4.4475001067281426e-05,416,102442,-4607146.360331279,1208,,
42794647,2.192941610701382e-05,35308.8,0.01,42795648,4.432500106728142e-05,416,102749,-4469905.90502467,1212,,
42936343,1.9171737221768126e-05,35308.8,0.01,42937344,4.41737715590847e-05,416,103059,-4243201.73042801,1216,,
43075735,3.5272496461402625e-05,35308.8,0.01,43076736,4.402500106728142e-05,416,103364,-4143250.69194474,1220,,
43217431,2.1913161617703736e-05,35308.8,0.01,43218432,4.387377155908471e-05,416,103676,-3995462.16761568,1224,,
43360279,1.7866714188130572e-05,35308.8,0.01,43361280,4.3721312542691255e-05,416,103988,-3815708.5970535898,1228,,
43500823,2.1647181711159647e-05,35308.8,0.01,43501824,4.357131254269126e-05,417,104297,-3726096.8793014293,1232,,
43642519,1.226141375809675e-05,35308.8,0.01,43643520,4.342008303449453e-05,417,104609,-3487430.14803564,1236,,
43781911,2.0730636606458575e-05,35308.8,0.01,43782912,4.3271312542691265e-05,417,104917,-3434021.923931669,1240,,
43923607,2.8214963094796985e-05,35308.8,0.01,43924608,4.312008303449454e-05,417,105231,-3218620.1944382996,1244,,
44066455,0.00011711398838087916,35308.8,0.01,44067456,4.29676240181011e-05,417,105546,-3213334.3201750205,1248,,
44206999,2.600067455205135e-05,35308.8,0.01,44208000,4.2817624018101095e-05,417,105858,-3139910.67357165,1252,,
44348695,4.1332561522722244e-05,35308.8,0.01,44349696,4.2666394509904373e-05,417,106169,-2983481.6030149297,1256,,
44488087,2.4837238015607e-05,35308.8,0.01,44489088,4.2517624018101094e-05,417,106474,-2822791.4291587705,1260,,
44629783,4.6220004151109606e-05,35308.8,0.01,44630784,4.236639450990438e-05,417,106785,-2749181.80121943,1264,,
44772631,3.5543089325074106e-05,35308.8,0.01,44773632,4.2213935493510934e-05,418,107098,-2706873.6027587103,1268,,
44913175,0.0007256076787598431,35308.8,0.01,44914176,4.206393549351093e-05,418,107408,-2603767.07305043,1272,,
45054871,2.5864017516141757e-05,35308.8,0.01,45055872,4.1912705985314216e-05,418,107720,-2550163.2944098897,1276,,
45194263,5.723936919821426e-05,35308.8,0.01,45195264,4.176393549351094e-05,418,108027,-2459584.8331586104,1280,,
45335959,0.00014458650548476726,35308.8,0.01,45336960,4.161270598531421e-05,418,108337,-2362609.41806314,1284,,
45478807,0.00016583583783358335,35308.8,0.01,45479808,4.1460246968920764e-05,418,108650,-2271543.01591915,1288,,
45619351,0.00043594822636805475,35308.8,0.01,45620352,4.131024696892076e-05,418,108959,-2248339.27039385,1292,,
45761047,1.3163933545001782e-05,35308.8,0.01,45762048,4.1159017460724046e-05,418,109271,-2232374.8606741596,1296,,
45900439,2.688183303689584e-05,35308.8,0.01,45901440,4.1010246968920766e-05,418,109576,-2156454.39082884,1300,,
46042135,1.1738031389540993e-05,35308.8,0.01,46043136,4.085901746072405e-05,418,109888,-2128135.13226081,1304,,
46184983,5.075830267742276e-05,35308.8,0.01,46185984,4.070655844433061e-05,419,110202,-2095138.50205556,1308,,
46325527,1.8880029529100284e-05,35308.8,0.01,46326528,4.05565584443306e-05,419,110511,-2108151.2414423604,1312,,
46467223,3.059599839616567e-05,35308.8,0.01,46468224,4.040532893613389e-05,419,110821,-2144510.7186056604,1316,,
46606615,2.326983303646557e-05,35308.8,0.01,46607616,4.025655844433061e-05,419,111133,-2119470.4143619,1320,,
46748311,2.2613581677433103e-05,35308.8,0.01,46749312,4.010532893613388e-05,419,111446,-2108703.65587564,1324,,
46891159,2.275151200592518e-05,35308.8,0.01,46892160,3.9952869919740436e-05,419,111760,-2108666.92707166,1328,,
47031703,1.883846016426105e-05,35308.8,0.01,47032704,3.980286991974043e-05,419,112069,-2076367.6702734604,1332,,
47173399,2.0111292542424053e-05,35308.8,0.01,47174400,3.965164041154372e-05,419,112379,-2103676.0688925097,1336,,
47312791,1.2719858204945922e-05,35308.8,0.01,47313792,3.950286991974044e-05,419,112685,-2099749.22302192,1340,,
47454487,1.8192982679465786e-05,35308.8,0.01,47455488,3.935164041154372e-05,419,112994,-2071907.6813617197,1344,,
47597335,7.158632070058957e-05,35308.8,0.01,47598336,3.919918139515028e-05,420,113307,-2108763.0610550595,1348,,
47737879,1.5569483366562054e-05,35308.8,0.01,47738880,3.9049181395150275e-05,420,113613,-2113879.8022583495,1352,,
47879575,3.1404022593051195e-05,35308.8,0.01,47880576,3.889795188695356e-05,420,113922,-2109368.48906579,1356,,
48018967,3.138529064017348e-05,35308.8,0.01,48019968,3.874918139515028e-05,420,114226,-2113291.57186076,1360,,
48160663,1.2817657989216968e-05,35308.8,0.01,48161664,3.8597951886953554e-05,420,114537,-2103988.6038211603,1364,,
48303511,1.9963319573435e-05,35308.8,0.01,48304512,3.844549287056011e-05,420,114855,-1994425.6995752102,1368,,
48444055,2.907441376009956e-05,35308.8,0.01,48445056,3.829549287056012e-05,420,115174,-1976223.42806999,1372,,
48585751,2.863180634449236e-05,35308.8,0.01,48586752,3.814426336236339e-05,420,115494,-1931800.4385522304,1376,,
48725143,2.4915754693211056e-05,35308.8,0.01,48726144,3.799549287056011e-05,420,115809,-1931289.70814161,1380,,
48866839,2.8186477720737457e-05,35308.8,0.01,48867840,3.784426336236339e-05,420,116127,-2049242.8739383398,1384,,
49009687,3.499884041957557e-05,35308.8,0.01,49010688,3.769180434596995e-05,420,116443,-2098347.72849409,1388,,
49150231,6.953191041247919e-05,35308.8,0.01,49151232,3.754180434596995e-05,420,116758,-2166768.9248267394,1392,,
49291927,2.3253825929714367e-05,35308.8,0.01,49292928,3.739057483777323e-05,421,117073,-2143419.496591,1396,,
49431319,2.6460804292582907e-05,35308.8,0.01,49432320,3.724180434596995e-05,421,117379,-2119208.3513189005,1400,,
49573015,0.00030883713043294847,35308.8,0.01,49574016,3.709057483777322e-05,421,117691,-2150212.8179619103,1404,,
49715863,2.1755371562903747e-05,35308.8,0.01,49716864,3.693811582137978e-05,421,118003,-2131521.4857952096,1408,,
49856407,3.561607445590198e-05,35308.8,0.01,49857408,3.678811582137979e-05,421,118309,-2124757.9651419204,1412,,
49998103,4.894191079074517e-05,35308.8,0.01,49999104,3.663688631318306e-05,421,118621,-2088063.1285063499,1416,,
50137495,5.3592790209222585e-05,35308.8,0.01,50138496,3.6488115821379784e-05,421,118925,-2064740.26002493,1420,,
50279191,3.76122843590565e-05,35308.8,0.01,50280192,3.633688631318306e-05,421,119235,-2082112.6098760704,1424,,
50422039,3.641041257651523e-05,35308.8,0.01,50423040,3.6184427296789624e-05,421,119546,-2154990.42017168,1428,,
50562583,2.0454965124372393e-05,35308.8,0.01,50563584,3.603442729678962e-05,421,119853,-2153070.8576682196,1432,,
50704279,1.8548986190580763e-05,35308.8,0.01,50705280,3.58831977885929e-05,421,120162,-2158328.0824102303,1436,,
50843671,6.37712946627289e-05,35308.8,0.01,50844672,3.573442729678962e-05,422,120476,-2140816.67928607,1440,,
50985367,4.826922668144107e-05,35308.8,0.01,50986368,3.558319778859289e-05,422,120792,-2135119.19957414,1444,,
51128215,3.867998384521343e-05,35308.8,0.01,51129216,3.543073877219945e-05,422,121105,-2066009.8040953903,1448,,
51268759,1.949752913787961e-05,35308.8,0.01,51269760,3.5280738772199456e-05,422,121418,-2061039.1151947305,1452,,
51410455,3.5951998142991215e-05,35308.8,0.01,51411456,3.512950926400273e-05,422,121732,-2073667.0590891198,1456,,
51549847,2.150253021682147e-05,35308.8,0.01,51550848,3.498073877219945e-05,422,122044,-2039789.6074048504,1460,,
51691543,1.05526687548263e-05,35308.8,0.01,51692544,3.4829509264002735e-05,422,122355,-2032929.27602843,1464,,
51834391,1.8822200217982754e-05,35308.8,0.01,51835392,3.4677050247609296e-05,422,122671,-2051497.61344962,1468,,
51974935,2.2507287212647498e-05,35308.8,0.01,51975936,3.452705024760929e-05,422,122980,-2021666.83432638,1472,,
52116631,2.0664741896325722e-05,35308.8,0.01,52117632,3.437582073941257e-05,422,123294,-2071889.0227854503,1476,,
52256023,5.0900140195153654e-05,35308.8,0.01,52257024,3.422705024760929e-05,422,123613,-2094613.8149685804,1480,,
52397719,1.3502874026016798e-05,35308.8,0.01,52398720,3.4075820739412564e-05,422,123934,-1955484.4676095003,1484,,
52540567,2.4950822989922017e-05,35308.8,0.01,52541568,3.3923361723019126e-05,422,124257,-1910834.96941884,1488,,
52681111,4.518403875408694e-05,35308.8,0.01,52682112,3.377336172301913e-05,422,124569,-1843990.48498887,1492,,
52822807,1.057521967595676e-05,35308.8,0.01,52823808,3.36221322148224e-05,422,124882,-1893024.0252378895,1496,,
52962199,3.626626858022064e-05,35308.8,0.01,52963200,3.347336172301912e-05,423,125189,-1896241.60996023,1500,,
53103895,3.4793389204423875e-05,35308.8,0.01,53104896,3.332213221482241e-05,423,125503,-1846066.66031001,1504,,
53246743,5.18969536642544e-05,35308.8,0.01,53247744,3.316967319842896e-05,423,125817,-1839129.2783924898,1508,,
53387287,5.148765558260493e-05,35308.8,0.01,53388288,3.301967319842896e-05,423,126126,-1809244.2379053799,1512,,
53528983,5.592432717094198e-05,35308.8,0.01,53529984,3.2868443690232244e-05,423,126438,-1848004.55629543,1516,,
53668375,1.988881194847636e-05,35308.8,0.01,53669376,3.2719673198428964e-05,423,126748,-1868184.0196042298,1520,,
53810071,2.6511850592214614e-05,35308.8,0.01,53811072,3.256844369023225e-05,423,127061,-1838624.28394021,1524,,
53952919,1.1479787644930184e-05,35308.8,0.01,53953920,3.24159846738388e-05,423,127378,-1784304.1908726199,1528,,
54093463,1.21476577987778e-05,35308.8,0.01,54094464,3.22659846738388e-05,423,127691,-1774088.7409043699,1532,,
54235159,6.19180136709474e-05,35308.8,0.01,54236160,3.211475516564207e-05,423,128005,-1801015.3279700398,1536,,
54374551,3.1178286008071154e-05,35308.8,0.01,54375552,3.1965984673838794e-05,423,128311,-1779770.10826748,1540,,
54516247,2.358175152039621e-05,35308.8,0.01,54517248,3.181475516564208e-05,423,128628,-1861968.6025222798,1544,,
54659095,3.374904554220848e-05,35308.8,0.01,54660096,3.1662296149248634e-05,423,128945,-1844680.1309133398,1548,,
54799639,6.748702435288578e-05,35308.8,0.01,54800640,3.151229614924863e-05,423,129256,-1850235.6070030397,1552,,
54941335,6.133324495749548e-05,35308.8,0.01,54942336,3.1361066641051916e-05,424,129575,-1878346.2257204098,1556,,
55080727,7.958726200740784e-05,35308.8,0.01,55081728,3.121229614924864e-05,424,129882,-1935626.8838404003,1560,,
55222423,1.4667371942778118e-05,35308.8,0.01,55223424,3.1061066641051916e-05,424,130196,-1944062.4938096001,1564,,
55365271,4.497201007325202e-05,35308.8,0.01,55366272,3.090860762465847e-05,424,130514,-1969095.6278069697,1568,,
55505815,5.4406762501457706e-05,35308.8,0.01,55506816,3.0758607624658474e-05,424,130824,-2002554.9976175302,1572,,
55647511,5.609098661807366e-05,35308.8,0.01,55648512,3.0607378116461746e-05,424,131136,-1964859.1893808201,1576,,
55786903,2.6919871743302792e-05,35308.8,0.01,55787904,3.0458607624658476e-05,424,131443,-1977155.4112428904,1580,,
55928599,0.00010519837087485939,35308.8,0.01,55929600,3.030737811646175e-05,424,131756,-2008872.7094683298,1584,,
56071447,5.9248901379760355e-05,35308.8,0.01,56072448,3.0154919100068307e-05,424,132076,-2045022.7586090597,1588,,
56211991,3.099383320659399e-05,35308.8,0.01,56212992,3.0004919100068303e-05,424,132392,-2032043.43485316,1592,,
56353687,1.6713687728042714e-05,35308.8,0.01,56354688,2.9853689591871585e-05,424,132705,-2001632.2895495803,1596,,
56493079,2.5342367734992877e-05,35308.8,0.01,56494080,2.9704919100068306e-05,424,133012,-2104096.8752821703,1600,,
56634775,3.1298761314246804e-05,35308.8,0.01,56635776,2.955368959187159e-05,424,133324,-2168380.0107016996,1604,,
56777623,3.0372157198144123e-05,35308.8,0.01,56778624,2.940123057547815e-05,424,133639,-2217342.73957243,1608,,
56918167,3.1144449167186394e-05,35308.8,0.01,56919168,2.9251230575478146e-05,424,133948,-2242069.71175889,1612,,
57059863,3.6051780625712126e-05,35308.8,0.01,57060864,2.9100001067281418e-05,425,134258,-2215868.94585556,1616,,
57199255,1.3912582289776765e-05,35308.8,0.01,57200256,2.895123057547815e-05,425,134566,-2226370.1941201,1620,,
57340951,5.187400529393926e-05,35308.8,0.01,57341952,2.880000106728142e-05,425,134877,-2261369.43124747,1624,,
57483799,4.5552085794042796e-05,35308.8,0.01,57484800,2.864754205088798e-05,425,135192,-2232896.99508816,1628,,
57624343,6.739690434187651e-05,35308.8,0.01,57625344,2.8497542050887975e-05,425,135502,-2306258.76763531,1632,,
57766039,4.541348243947141e-05,35308.8,0.01,57767040,2.8346312542691258e-05,425,135815,-2244032.87594472,1636,,
57905431,6.080694583943114e-05,35308.8,0.01,57906432,2.8197542050887978e-05,425,136120,-2281582.357167,1640,,
58047127,5.100448470329866e-05,35308.8,0.01,58048128,2.804631254269126e-05,425,136433,-2227259.38282054,1644,,
58189975,9.690465230960399e-05,35308.8,0.01,58190976,2.789385352629782e-05,425,136748,-2256216.54426433,1648,,
58330519,3.286153878434561e-05,35308.8,0.01,58331520,2.7743853526297815e-05,425,137058,-2245506.2615418104,1652,,
58472215,4.618030652636662e-05,35308.8,0.01,58473216,2.75926240181011e-05,425,137371,-2202910.19990239,1656,,
58611607,4.7342102334368974e-05,35308.8,0.01,58612608,2.744385352629782e-05,425,137678,-2157933.02349377,1660,,
58753303,2.6170127966906875e-05,35308.8,0.01,58754304,2.7292624018101093e-05,425,138087,-2146544.469597,1664,,
58896151,6.839511479483917e-05,35308.8,0.01,58897152,2.714016500170765e-05,425,138404,-2146365.92921265,1668,,
59036695,4.331605668994598e-05,35308.8,0.01,59037696,2.6990165001707648e-05,425,138715,-2128994.0143022398,1672,,
59178391,2.3365011657006107e-05,35308.8,0.01,59179392,2.683893549351093e-05,425,139028,-2160384.6473799795,1676,,
59317783,1.0734758689068258e-05,35308.8,0.01,59318784,2.669016500170765e-05,425,139335,-2117343.55828322,1680,,
59459479,1.9975002942373976e-05,35308.8,0.01,59460480,2.6538935493510933e-05,425,139647,-2103983.30601017,1684,,
59602327,2.7363323169993237e-05,35308.8,0.01,59603328,2.638647647711749e-05,425,139962,-2066765.63384186,1688,,
59742871,5.35980288987048e-05,35308.8,0.01,59743872,2.6236476477117487e-05,425,140271,-2074178.7259871596,1692,,
59884567,1.4486072359432e-05,35308.8,0.01,59885568,2.608524696892077e-05,425,140594,-2095315.4214557696,1696,,
60023959,5.885244536329992e-05,35308.8,0.01,60024960,2.593647647711749e-05,425,140905,-2012787.36070293,1700,,
60165655,2.7568083169171587e-05,35308.8,0.01,60166656,2.5785246968920762e-05,426,141223,-1967204.63797412,1704,,
60308503,4.022758366772905e-05,35308.8,0.01,60309504,2.5632787952527324e-05,426,141547,-1940819.7186768097,1708,,
60449047,2.3505610442953184e-05,35308.8,0.01,60450048,2.548278795252733e-05,426,141862,-1942927.6632128495,1712,,
60590743,4.918560807709582e-05,35308.8,0.01,60591744,2.5331558444330602e-05,426,142181,-1964850.8340584796,1716,,
60730135,1.9433116904110648e-05,35308.8,0.01,60731136,2.5182787952527323e-05,426,142493,-1943442.60424676,1720,,
60871831,3.967163502238691e-05,35308.8,0.01,60872832,2.5031558444330605e-05,426,142809,-1911786.9635287598,1724,,
61014679,1.4881983588566072e-05,35308.8,0.01,61015680,2.4879099427937163e-05,426,143133,-1927396.11502277,1728,,
61155223,3.2691023079678416e-05,35308.8,0.01,61156224,2.472909942793716e-05,426,143448,-1855765.2456890799,1732,,
61296919,1.1278569218120538e-05,35308.8,0.01,61297920,2.4577869919740442e-05,426,143766,-1904774.0250155001,1736,,
61436311,1.6517700714757666e-05,35308.8,0.01,61437312,2.4429099427937163e-05,426,144077,-1885774.0947663898,1740,,
61578007,6.563666829606518e-05,35308.8,0.01,61579008,2.4277869919740435e-05,426,144397,-1859662.78210905,1744,,
61720855,7.092171290423721e-05,35308.8,0.01,61721856,2.4125410903346993e-05,426,144719,-1883910.38551614,1748,,
61861399,6.750948523404077e-05,35308.8,0.01,61862400,2.3975410903347e-05,426,145035,-1897217.5870790202,1752,,
62003095,1.9906836314476095e-05,35308.8,0.01,62004096,2.382418139515027e-05,426,145348,-1891238.34588544,1756,,
62142487,3.430423384997994e-05,35308.8,0.01,62143488,2.3675410903346992e-05,426,145658,-1959854.77993604,1760,,
62284183,1.8771997929434292e-05,35308.8,0.01,62285184,2.3524181395150274e-05,426,145973,-1967664.0744158498,1764,,
62427031,2.1564796043094248e-05,35308.8,0.01,62428032,2.3371722378756836e-05,426,146287,-1928353.5445812996,1768,,
62567575,7.052037835819647e-05,35308.8,0.01,62568576,2.3221722378756832e-05,426,146600,-1958462.6809131398,1772,,
62709271,3.373829531483352e-05,35308.8,0.01,62710272,2.3070492870560114e-05,426,146916,-1906345.4423922703,1776,,
62848663,2.339718230359722e-05,35308.8,0.01,62849664,2.2921722378756835e-05,426,147226,-1923879.33937568,1780,,
62990359,0.00011478268424980342,35308.8,0.01,62991360,2.2770492870560107e-05,426,147543,-1975467.3714523497,1784,,
63133207,7.120832742657512e-05,35308.8,0.01,63134208,2.2618033854166665e-05,426,147862,-2022966.14714927,1788,,
63243799,9.551244147587568e-05,,0.01,63244800,2.2500001067281424e-05,,,,,1261440.0,-132854711.0530661
63273751,5.7837547501549125e-05,35308.8,0.01,63274752,2.246803385416667e-05,409,154545,-2205522.76759378,1792,,
63415447,2.6494994017411955e-05,35308.8,0.01,63416448,2.2316804345969944e-05,409,154863,-2166674.15151474,1796,,
63554839,0.00015551054093521088,35308.8,0.01,63555840,2.2168033854166664e-05,409,155176,-2169716.17104897,1800,,
63696535,3.928427759092301e-05,35308.8,0.01,63697536,2.2016804345969947e-05,409,155492,-2202731.05966674,1804,,
63839383,7.318767165997997e-05,35308.8,0.01,63840384,2.1864345329576505e-05,409,155815,-2213361.48436299,1808,,
63979927,7.490062125725672e-05,35308.8,0.01,63980928,2.17143453295765e-05,409,156126,-2242972.00523203,1812,,
64121623,6.506696809083223e-05,35308.8,0.01,64122624,2.1563115821379783e-05,409,156443,-2209738.4021960003,1816,,
64261015,1.5987745427992195e-05,35308.8,0.01,64262016,2.1414345329576504e-05,409,156756,-2203609.9474536795,1820,,
64402711,3.371517232153565e-05,35308.8,0.01,64403712,2.126311582137978e-05,410,157073,-2223667.9780232506,1824,,
64545559,0.0001125064300140366,35308.8,0.01,64546560,2.1110656804986337e-05,410,157392,-2261986.21626376,1828,,
64686103,3.629390994319692e-05,35308.8,0.01,64687104,2.0960656804986344e-05,410,157704,-2269006.59555666,1832,,
64827799,5.7787525292951614e-05,35308.8,0.01,64828800,2.0809427296789616e-05,410,158022,-2233322.97521631,1836,,
64967191,2.1718722564401105e-05,35308.8,0.01,64968192,2.0660656804986337e-05,410,158334,-2241370.2193401805,1840,,
65108887,1.547334250062704e-05,35308.8,0.01,65109888,2.050942729678962e-05,410,158654,-2247921.1195757296,1844,,
65251735,5.754639278165996e-05,35308.8,0.01,65252736,2.0356968280396177e-05,410,158977,-2256186.7916392596,1848,,
65392279,2.0072940969839692e-05,35308.8,0.01,65393280,2.0206968280396173e-05,410,159293,-2250548.9534674194,1852,,
65533975,3.0763534596189857e-05,35308.8,0.01,65534976,2.0055738772199456e-05,410,159612,-2255208.93179922,1856,,
65673367,6.10931747360155e-05,35308.8,0.01,65674368,1.9906968280396176e-05,410,159927,-2176169.6768990206,1860,,
65815063,7.242712308652699e-05,35308.8,0.01,65816064,1.975573877219946e-05,410,160245,-2188088.6488095396,1864,,
65957911,1.6866924852365628e-05,35308.8,0.01,65958912,1.9603279755806006e-05,410,160570,-2195307.158312781,1868,,
66098455,3.4888307709479704e-05,35308.8,0.01,66099456,1.9453279755806013e-05,410,160885,-2151163.83968229,1872,,
66240151,1.6914786101551726e-05,35308.8,0.01,66241152,1.930205024760929e-05,410,161202,-2182395.0855338504,1876,,
66379543,2.325569948880002e-05,35308.8,0.01,66380544,1.915327975580601e-05,410,161514,-2202074.7415381502,1880,,
66521239,2.1137095245649107e-05,35308.8,0.01,66522240,1.900205024760929e-05,411,161834,-2127855.26598212,1884,,
66664087,2.5438121156184934e-05,35308.8,0.01,66665088,1.884959123121585e-05,411,162157,-2080318.8292105102,1888,,
66804631,1.4923969501978718e-05,35308.8,0.01,66805632,1.8699591231215846e-05,411,162477,-1902207.70073752,1892,,
66946327,2.143800156773068e-05,35308.8,0.01,66947328,1.8548361723019128e-05,411,162796,-1956423.7139848897,1896,,
67085719,7.903588993940502e-06,35308.8,0.01,67086720,1.839959123121585e-05,411,163108,-1938083.20748178,1900,,
67227415,3.122998168691993e-05,35308.8,0.01,67228416,1.824836172301913e-05,411,163422,-1899903.7256669602,1904,,
67370263,2.0685036361101083e-05,35308.8,0.01,67371264,1.809590270662568e-05,411,163744,-1862295.5786996796,1908,,
67510807,1.0600025234452914e-05,35308.8,0.01,67511808,1.7945902706625685e-05,411,164058,-1799612.5853354398,1912,,
67652503,3.2534298952668905e-05,35308.8,0.01,67653504,1.7794673198428957e-05,411,164373,-1811160.79038479,1916,,
67791895,3.129390825051814e-05,35308.8,0.01,67792896,1.7645902706625688e-05,411,164686,-1816478.4385643797,1920,,
67933591,2.362564737268258e-05,35308.8,0.01,67934592,1.749467319842896e-05,411,165000,-1784312.86294047,1924,,
68076439,2.4315397240570746e-05,35308.8,0.01,68077440,1.7342214182035522e-05,411,165319,-1771678.0904092402,1928,,
68216983,2.0819235942326486e-05,35308.8,0.01,68217984,1.7192214182035518e-05,411,165631,-1765213.26114124,1932,,
68358679,2.462044358253479e-05,35308.8,0.01,68359680,1.70409846738388e-05,411,165947,-1805496.0913855499,1936,,
68498071,1.2552797670650762e-05,35308.8,0.01,68499072,1.689221418203552e-05,411,166260,-1761673.70587744,1940,,
68639767,3.285987622803077e-05,35308.8,0.01,68640768,1.6740984673838803e-05,412,166574,-1830004.18936512,1944,,
68782615,8.199770491046365e-06,35308.8,0.01,68783616,1.658852565744536e-05,412,166888,-1732909.85165959,1948,,
68923159,7.566876774944831e-06,35308.8,0.01,68924160,1.6438525657445358e-05,412,167196,-1713277.4336178503,1952,,
69064855,8.745569175516721e-06,35308.8,0.01,69065856,1.628729614924863e-05,412,167509,-1735394.51276976,1956,,
69204247,3.898906288668513e-05,35308.8,0.01,69205248,1.613852565744536e-05,412,167816,-1747031.8361463002,1960,,
69345943,1.5293178876163438e-05,35308.8,0.01,69346944,1.5987296149248633e-05,412,168128,-1724393.20970225,1964,,
69488791,2.2010617612977512e-05,35308.8,0.01,69489792,1.583483713285519e-05,412,168442,-1745269.9648796404,1968,,
69629335,3.0569059163099155e-05,35308.8,0.01,69630336,1.5684837132855187e-05,412,168753,-1787179.52700914,1972,,
69771031,2.8504760848591104e-05,35308.8,0.01,69772032,1.553360762465847e-05,412,169071,-1779789.00280068,1976,,
69910423,4.788636579178274e-05,35308.8,0.01,69911424,1.538483713285519e-05,412,169387,-1770849.10694658,1980,,
70052119,1.551447894598823e-05,35308.8,0.01,70053120,1.5233607624658474e-05,412,169724,-1795389.18200488,1984,,
70194967,1.4116802049102262e-05,35308.8,0.01,70195968,1.5081148608265032e-05,412,170060,-1828529.45177598,1988,,
70335511,7.880427801865153e-06,35308.8,0.01,70336512,1.4931148608265028e-05,412,170379,-1817024.3480221,1992,,
70477207,1.3679968105861917e-05,35308.8,0.01,70478208,1.477991910006831e-05,412,170713,-1772358.37738434,1996,,
70616599,2.1142497644177638e-05,35308.8,0.01,70617600,1.4631148608265031e-05,412,171051,-1836895.48821175,2000,,
70758295,0.00026981899281963706,35308.8,0.01,70759296,1.4479919100068305e-05,412,171403,-1853729.05107312,2004,,
70901143,8.788956620264798e-06,35308.8,0.01,70902144,1.4327460083674863e-05,412,171741,-1879206.81484031,2008,,
71041687,1.2327815966273192e-05,35308.8,0.01,71042688,1.417746008367486e-05,412,172073,-1893834.8145386898,2012,,
71183383,1.513154165877495e-05,35308.8,0.01,71184384,1.4026230575478142e-05,412,172404,-1868046.21613996,2016,,
71322775,1.0953541277558543e-05,35308.8,0.01,71323776,1.3877460083674862e-05,412,172751,-1875182.71364807,2020,,
71464471,2.3912929464131594e-05,35308.8,0.01,71465472,1.3726230575478145e-05,412,173066,-1895747.92444069,2024,,
71607319,1.905986209749244e-05,35308.8,0.01,71608320,1.3573771559084704e-05,412,173392,-1849004.8926318004,2028,,
71747863,2.044037501036655e-05,35308.8,0.01,71748864,1.34237715590847e-05,412,173755,-1892616.17043392,2032,,
71889559,4.3396685214247555e-05,35308.8,0.01,71890560,1.3272542050887983e-05,412,174094,-1835792.30542409,2036,,
72028951,3.235667827539146e-05,35308.8,0.01,72029952,1.3123771559084704e-05,412,174406,-1872048.89316272,2040,,
72170647,2.261088229715824e-05,35308.8,0.01,72171648,1.2972542050887976e-05,413,174721,-1813605.5250008598,2044,,
72313495,3.054388071177527e-05,35308.8,0.01,72314496,1.2820083034494534e-05,413,175037,-1846629.91303903,2048,,
72454039,3.1169816793408245e-05,35308.8,0.01,72455040,1.267008303449454e-05,413,175353,-1850989.4225286301,2052,,
72595735,2.938774741778616e-05,35308.8,0.01,72596736,1.2518853526297814e-05,413,175666,-1831471.5396204293,2056,,
72735127,7.977159839356318e-06,35308.8,0.01,72736128,1.2370083034494535e-05,413,175975,-1835473.1149628002,2060,,
72876823,0.00031541421776637435,35308.8,0.01,72877824,1.2218853526297817e-05,413,176288,-1844664.8038222697,2064,,
73019671,2.1731255401391536e-05,35308.8,0.01,73020672,1.2066394509904375e-05,413,176604,-1854957.72411733,2068,,
73160215,2.3185588361229748e-05,35308.8,0.01,73161216,1.1916394509904371e-05,413,176919,-1827083.9146252798,2072,,
73301911,1.247260661330074e-05,35308.8,0.01,73302912,1.1765165001707654e-05,413,177231,-1817213.41098436,2076,,
73441303,2.9317579901544377e-05,35308.8,0.01,73442304,1.1616394509904374e-05,413,177545,-1786497.4529819603,2080,,
73582999,9.278966172132641e-05,35308.8,0.01,73584000,1.1465165001707648e-05,413,177861,-1802154.3260017303,2084,,
73725847,1.2511532986536622e-05,35308.8,0.01,73726848,1.1312705985314206e-05,413,178177,-1755724.1555818599,2088,,
73866391,7.419233952532522e-06,35308.8,0.01,73867392,1.1162705985314213e-05,413,178487,-1757152.5611762998,2092,,
74008087,1.5879188140388578e-05,35308.8,0.01,74009088,1.1011476477117485e-05,413,178798,-1771959.15788034,2096,,
74147479,9.164285074803047e-06,35308.8,0.01,74148480,1.0862705985314205e-05,413,179106,-1734714.1687370697,2100,,
74289175,8.999733836390078e-06,35308.8,0.01,74290176,1.0711476477117488e-05,414,179417,-1730496.6304161903,2104,,
74432023,0.0001301962765865028,35308.8,0.01,74433024,1.0559017460724047e-05,414,179731,-1716788.23047166,2108,,
74572567,3.180080602760427e-05,35308.8,0.01,74573568,1.0409017460724044e-05,414,180040,-1740391.56434802,2112,,
74714263,5.406519630923867e-05,35308.8,0.01,74715264,1.0257787952527326e-05,414,180351,-1764682.02364062,2116,,
74853655,3.322261181892827e-05,35308.8,0.01,74854656,1.0109017460724047e-05,414,180658,-1755418.3660226201,2120,,
74995351,3.204715540050529e-05,35308.8,0.01,74996352,9.957787952527319e-06,414,180971,-1724284.9010524303,2124,,
75138199,1.4548555554938503e-05,35308.8,0.01,75139200,9.805328936133877e-06,414,181285,-1743176.54735363,2128,,
75278743,1.089759825845249e-05,35308.8,0.01,75279744,9.655328936133883e-06,414,181597,-1703627.33051337,2132,,
75420439,3.791898052440956e-05,35308.8,0.01,75421440,9.504099427937157e-06,414,181920,-1730379.67943155,2136,,
75559831,5.6940851209219545e-05,35308.8,0.01,75560832,9.355328936133878e-06,414,182227,-1719396.64761724,2140,,
75701527,9.450630386709236e-06,35308.8,0.01,75702528,9.20409942793716e-06,414,182538,-1700947.6024923502,2144,,
75844375,1.315085137321148e-05,35308.8,0.01,75845376,9.051640411543718e-06,414,182854,-1726643.2543522203,2148,,
75984919,1.9129944121232256e-05,35308.8,0.01,75985920,8.901640411543714e-06,414,183162,-1743723.8638905098,2152,,
76126615,8.804841854725964e-06,35308.8,0.01,76127616,8.750410903346997e-06,414,183473,-1727325.3301842501,2156,,
76266007,7.435275620082393e-06,35308.8,0.01,76267008,8.601640411543717e-06,414,183781,-1716268.65824708,2160,,
76407703,1.6418553059338592e-05,35308.8,0.01,76408704,8.450410903346991e-06,415,184093,-1714019.29515035,2164,,
76550551,2.3315249563893303e-05,35308.8,0.01,76551552,8.29795188695355e-06,415,184407,-1663099.75476056,2168,,
76691095,7.2916964199976064e-06,35308.8,0.01,76692096,8.147951886953556e-06,415,184721,-1671182.34695891,2172,,
76832791,8.9544992079027e-06,35308.8,0.01,76833792,7.996722378756828e-06,415,185035,-1648891.99364547,2176,,
76972183,4.757608166983118e-06,35308.8,0.01,76973184,7.847951886953548e-06,415,185342,-1645548.92141556,2180,,
77113879,1.3387526450969744e-05,35308.8,0.01,77114880,7.69672237875683e-06,415,185653,-1694391.16147393,2184,,
77256727,1.6048077668529004e-05,35308.8,0.01,77257728,7.54426336236339e-06,415,185971,-1748389.26835205,2188,,
77397271,1.8866134269046597e-05,35308.8,0.01,77398272,7.394263362363386e-06,415,186285,-1801153.9592315499,2192,,
77538967,1.0918710358964745e-05,35308.8,0.01,77539968,7.243033854166669e-06,415,186598,-1768490.2315580598,2196,,
77678359,2.109049637510907e-05,35308.8,0.01,77679360,7.09426336236339e-06,415,186909,-1729563.0094922,2200,,
77820055,5.250785034149885e-05,35308.8,0.01,77821056,6.943033854166672e-06,415,187228,-1738243.69110309,2204,,
77962903,4.10835855291225e-05,35308.8,0.01,77963904,6.790574837773221e-06,415,187549,-1737734.49976702,2208,,
78103447,2.7750244044000283e-05,35308.8,0.01,78104448,6.640574837773227e-06,415,187860,-1728099.2780787202,2212,,
78245143,3.171137359458953e-05,35308.8,0.01,78246144,6.489345329576499e-06,415,188181,-1699939.65013767,2216,,
78384535,1.5252490811690222e-05,35308.8,0.01,78385536,6.34057483777322e-06,415,188494,-1685750.60861537,2220,,
78526231,1.3524359928851482e-05,35308.8,0.01,78527232,6.189345329576502e-06,415,188808,-1724628.4428005302,2224,,
78669079,1.0968654351017904e-05,35308.8,0.01,78670080,6.036886313183061e-06,415,189124,-1740598.0121562802,2228,,
78809623,1.9478087779134512e-05,35308.8,0.01,78810624,5.8868863131830575e-06,416,189433,-1750652.9818836702,2232,,
78951319,1.4856338566460181e-05,35308.8,0.01,78952320,5.735656804986341e-06,416,189753,-1742053.9092790699,2236,,
79090711,2.32617421715986e-05,35308.8,0.01,79091712,5.58688631318306e-06,416,190059,-1747443.0606334799,2240,,
79232407,5.299176336848177e-05,35308.8,0.01,79233408,5.4356568049863435e-06,416,190374,-1749420.9872694002,2244,,
79375255,1.7221780581166968e-05,35308.8,0.01,79376256,5.283197788592892e-06,416,190692,-1729399.4207260197,2248,,
79515799,1.2898900422442239e-05,35308.8,0.01,79516800,5.133197788592899e-06,416,191003,-1731310.6643638199,2252,,
79657495,2.0839739590883255e-05,35308.8,0.01,79658496,4.981968280396171e-06,416,191316,-1733873.0242457902,2256,,
79796887,6.232878513401374e-05,35308.8,0.01,79797888,4.833197788592902e-06,416,191630,-1725927.2045362098,2260,,
79938583,8.805818652035668e-06,35308.8,0.01,79939584,4.681968280396174e-06,416,191944,-1731042.3370792698,2264,,
80081431,1.1003651707142126e-05,35308.8,0.01,80082432,4.529509264002733e-06,416,192262,-1748884.05554652,2268,,
80221975,3.161621862091124e-05,35308.8,0.01,80222976,4.379509264002729e-06,416,192571,-1720421.3549054798,2272,,
80363671,3.1795090762898326e-05,35308.8,0.01,80364672,4.228279755806011e-06,416,192883,-1769643.58020121,2276,,
80503063,9.059162948688027e-06,35308.8,0.01,80504064,4.079509264002732e-06,416,193193,-1796621.2026829603,2280,,
80644759,1.5365330909844488e-05,35308.8,0.01,80645760,3.928279755806015e-06,416,193509,-1709306.7308963502,2284,,
80787607,9.101553587242961e-06,35308.8,0.01,80788608,3.7758207394125735e-06,416,193827,-1659796.3885702398,2288,,
80928151,2.0522777049336582e-05,35308.8,0.01,80929152,3.62582073941257e-06,416,194139,-1618712.56764468,2292,,
81069847,3.101273614447564e-05,35308.8,0.01,81070848,3.4745912312158424e-06,416,194455,-1660608.60859038,2296,,
81209239,4.4347205403028056e-05,35308.8,0.01,81210240,3.3258207394125727e-06,416,194763,-1663964.6675721197,2300,,
81350935,1.601270014361944e-05,35308.8,0.01,81351936,3.1745912312158453e-06,417,195078,-1625187.0339936197,2304,,
81493783,1.6729007256799378e-05,35308.8,0.01,81494784,3.022132214822404e-06,417,195395,-1610245.60133021,2308,,
81634327,1.043005431711208e-05,35308.8,0.01,81635328,2.8721322148224006e-06,416,195788,-1580132.0319011204,2312,,
81776023,5.0525586630101316e-06,35308.8,0.01,81777024,2.7209027066256833e-06,417,196104,-1608900.61941836,2316,,
81915415,1.2043380593240727e-05,35308.8,0.01,81916416,2.572132214822404e-06,417,196415,-1619759.3139106703,2320,,
82057111,1.1161484508193098e-05,35308.8,0.01,82058112,2.420902706625686e-06,417,196730,-1592777.90096681,2324,,
82199959,2.3106056687538512e-05,35308.8,0.01,82200960,2.2684436902322446e-06,417,197045,-1582423.63565765,2328,,
82340503,4.2816092900466174e-05,35308.8,0.01,82341504,2.1184436902322414e-06,417,197354,-1559880.68200053,2332,,
82482199,1.1881509635713883e-05,35308.8,0.01,82483200,1.967214182035524e-06,417,197670,-1584293.2104654203,2336,,
82621591,3.02655462292023e-05,35308.8,0.01,82622592,1.8184436902322445e-06,417,197976,-1552382.7975438703,2340,,
82763287,3.294489943073131e-05,35308.8,0.01,82764288,1.667214182035517e-06,417,198292,-1591873.09241494,2344,,
82906135,1.4670545169792604e-05,35308.8,0.01,82907136,1.5147551656420755e-06,417,198609,-1549749.57371666,2348,,
83046679,1.9795932530541904e-05,35308.8,0.01,83047680,1.364755165642072e-06,417,198920,-1527412.5632959404,2352,,
83188375,6.618755833187606e-06,35308.8,0.01,83189376,1.2135256574453546e-06,417,199236,-1566713.37084278,2356,,
83327767,2.6791718482854776e-05,35308.8,0.01,83328768,1.0647551656420752e-06,417,199544,-1582502.1577350202,2360,,
83469463,5.2211744332453236e-05,35308.8,0.01,83470464,9.135256574453577e-07,417,199859,-1565387.2101050597,2364,,
83612311,2.7961130399489775e-05,35308.8,0.01,83613312,7.610666410519163e-07,417,200177,-1556509.0293299698,2368,,
83752855,1.5013968550192658e-05,35308.8,0.01,83753856,6.110666410519128e-07,417,200485,-1580632.5503228097,2372,,
83894551,2.1382769773481414e-05,35308.8,0.01,83895552,4.5983713285519537e-07,417,200796,-1540009.87490089,2376,,
84033943,2.0826330001000315e-05,35308.8,0.01,84034944,3.1106664105191585e-07,417,201102,-1534430.54670083,2380,,
84175639,2.1176496375119314e-05,35308.8,0.01,84176640,1.5983713285518842e-07,417,201419,-1546365.3529357496,2384,,
84318487,1.0329040378564969e-05,35308.8,0.01,84319488,7.37811646174702e-09,417,201736,-1580814.46662007,2388,,
84325399,4.1425377276027575e-05,,0.01,84326400,1.067281423239308e-12,,,,,1261440.0,-34537477.9216287
