#{"t_start": 1769525024.005136, "env_id": "None"}
r,l,t
-6163826.784142,34560,238.495933
-22267176.955171,35712,310.636558
-18838175.479981,35712,383.056337
-15521351.772609,35712,455.224291
-28473775.978888,35712,527.721917
-29250113.068512,35712,600.571573
-3484403.417527,35712,673.313235
-12820821.470093,35712,745.778032
-6883679.416062,34560,816.000165
-27879175.504085,35712,888.822962
-7343449.992037,35712,961.597906
-12973827.968496,34560,1032.590011
-10845579.131227,34560,1103.641582
-7844472.926804,35712,1176.303018
-12224373.475625,35712,1248.979335
-7361668.554405,35712,1321.393045
-14623296.889361,34560,1391.533797
-11925585.209874,34560,1461.727923
-12917897.535114,34560,1531.807072
-6104478.504456,35712,1605.25139
-20858335.551614,34560,1675.316131
-34014697.628765,35712,1748.311207
-7159865.134806,35712,1820.821168
-9169448.158632,35712,1893.485773
-9213526.868199,35712,1966.237998
-9570844.310807,35712,2039.529989
-5506265.379829,35712,2112.252388
-8104637.936401,35712,2184.894256
-16563846.89816,34560,2255.187345
-19145902.24087,35712,2327.806742
-25093346.785119,35712,2400.521557
-12312527.092018,34560,2470.772644
-6952452.032679,34560,2541.314249
-15363660.746834,35712,2614.172655
-8010693.55746,35712,2686.882428
-5947076.214505,35712,2759.889361
-30909671.404275,34560,2830.778064
-15950200.134268,34560,2901.980296
-8095838.676232,34560,2972.465241
-28032027.841275,35712,3045.40086
-15937495.468354,34560,3116.1673
-16035966.379293,35712,3189.271284
-11026412.27095,35712,3262.595144
-19317121.469343,35712,3335.985251
-18632773.53878,35712,3409.255015
-21911894.559081,35712,3482.597721
-7763119.429217,35712,3555.922595
-24107726.37779,35712,3628.876409
-5815979.006917,34560,3699.458016
-9179420.226453,35712,3772.350043
-19098824.235478,35712,3845.252989
-6264322.378359,34560,3916.274647
-8663146.857791,34560,3986.80173
-13555264.969596,35712,4059.857604
-15923587.10852,35712,4133.161471
-18886718.087721,35712,4205.917394
-6611426.186386,34560,4276.487348
-17327376.033013,34560,4346.890731
-25926532.241363,34560,4417.908555
-3062753.036911,35712,4490.581493
-9456323.921273,34560,4561.169957
-16991479.529018,35712,4634.283842
-7155706.737951,35712,4707.326856
-15273230.858504,35712,4780.212683
-20011943.835986,35712,4853.041522
-22061867.472607,35712,4925.90565
-11103754.861306,35712,4998.761029
-15943227.521402,35712,5072.07197
-6029654.212074,34560,5142.671824
-17852216.016961,35712,5215.875363
-8970790.900164,35712,5289.14409
-22557234.475028,34560,5359.904137
-6561459.045138,34560,5430.76774
-15689617.380543,35712,5503.829034
-10966156.425559,35712,5577.139338
-36753253.931083,35712,5650.056399
-7597934.559453,34560,5720.661058
-8923753.384604,34560,5793.496113
-9535451.024687,34560,5864.922547
-7566354.009921,35712,5937.811343
-6719294.519147,34560,6008.507366
-31672321.136167,35712,6081.75196
-14571684.920358,35712,6154.759732
-13865321.789618,35712,6228.071288
-6480145.366721,35712,6301.396298
-8491461.756879,35712,6374.932323
-7035168.241601,35712,6448.614448
-9585657.202807,35712,6522.493119
-6124737.173024,34560,6594.2241
-12880836.701392,35712,6667.746347
-6688165.545948,35712,6740.536721
-10539160.484889,34560,6811.220781
-9602555.184914,34560,6882.09182
-10355982.840289,35712,6955.142804
-11875828.428043,35712,7028.327051
-18247037.257514,35712,7101.731082
-6107252.829797,34560,7172.523199
-15166178.986697,34560,7243.380794
-22779696.11069,34560,7314.327999
-2962022.596803,35712,7387.808012
-17372318.133053,34560,7458.725632
-16531643.067852,35712,7532.184489
-13695966.013817,35712,7605.355855
-12393653.793517,35712,7678.501949
-15479416.689043,35712,7751.640755
-20455824.607267,35712,7824.91576
-5111396.520108,35712,7897.825169
-26903226.863346,35712,7972.356194
-34432945.373456,34560,8052.658403
-18162955.164879,35712,8125.989968
-15554845.303906,35712,8199.515288
-13565230.240695,34560,8270.379414
-24780902.058038,34560,8341.167894
-10644075.406701,35712,8414.838973
-11729921.937374,35712,8489.336134
-11814104.498322,35712,8564.880587
-9990415.905949,34560,8637.46022
-15670890.264671,34560,8710.223464
-21829161.221837,34560,8782.705936
-10399302.925973,35712,8857.650466
-7747166.604384,34560,8929.443014
-22821097.697919,35712,9003.117268
-8930749.642526,35712,9076.558769
-15987658.367512,35712,9149.789092
-12678519.989896,35712,9223.385332
-13338092.857225,35712,9297.138552
-4055635.764247,35712,9370.592785
-12738226.851587,35712,9444.171006
-12567657.040428,34560,9515.722471
-15861700.547209,35712,9589.388357
-10558389.597472,35712,9663.442222
-14343384.266135,34560,9734.32645
-10994421.553069,34560,9806.034174
-19941439.292315,35712,9879.717835
-7991565.035072,35712,9953.314266
-15839775.292569,35712,10027.061212
-10855483.490902,34560,10098.695921
-13623026.88395,34560,10169.976803
-19304963.977777,34560,10241.500304
-24299150.283137,35712,10315.109277
-5799138.985207,34560,10387.026982
-7016085.838508,35712,10460.706022
-27983471.541127,35712,10535.212851
-11490796.517833,35712,10609.276447
-7396845.927918,35712,10682.6422
-35467453.281836,35712,10756.458941
-11927760.887926,35712,10830.094808
-27203679.023043,35712,10903.987355
-13683727.977223,34560,10975.423395
-34582850.777308,35712,11049.447045
-9498950.549288,35712,11123.264465
-7403179.315278,34560,11194.648461
-14910861.020282,34560,11267.169174
-9178489.51491,35712,11342.526311
-6313836.001926,35712,11415.849682
-15813297.832811,35712,11489.208643
-16210727.005076,34560,11561.037606
-7027132.342487,34560,11632.291361
-12497014.854421,34560,11703.754656
-27336979.317315,35712,11777.275161
-23780929.80064,34560,11848.681158
-7436422.931331,35712,11928.375168
-11126406.70809,35712,12001.594672
-16868503.853957,35712,12074.93909
-17988172.457401,35712,12148.452076
-9042289.782944,35712,12221.980051
-7841311.358366,35712,12296.109923
-9021087.717968,35712,12369.519725
-20443425.727338,34560,12441.040491
-20529366.689679,35712,12514.468872
-17546512.62979,35712,12588.263133
-9407801.825102,34560,12659.215028
-9568304.988989,34560,12730.344608
-10122695.84347,35712,12803.921415
-13576712.492441,35712,12877.52132
-7096018.88829,35712,12950.099443
-4905455.543803,34560,13020.407718
-8739788.032693,34560,13090.346394
-18750017.959479,34560,13160.018762
-2865250.959575,35712,13231.844264
-20986817.631714,34560,13301.794263
-8202119.585605,35712,13374.236077
-13317529.490707,35712,13446.614146
-27293599.959395,35712,13518.983318
-19343178.49127,35712,13591.419291
-20931944.907662,35712,13663.865315
-14147444.420762,35712,13736.302625
-19841848.36817,35712,13808.873767
-17252344.754434,34560,13878.865191
-7632977.080316,35712,13950.859169
-32241538.616054,35712,14023.034403
-9321044.649278,34560,14092.774312
-6992332.515661,34560,14162.161482
-6870398.330686,35712,14234.104982
-16186814.324372,35712,14305.651107
-4583771.019268,35712,14377.193771
-9783235.349116,34560,14446.643078
-6611506.441617,34560,14516.094648
-15800280.257524,34560,14585.730128
-3914002.053837,35712,14657.941037
-21198743.880015,34560,14727.167801
-26209263.697626,35712,14799.148425
-23981111.952136,35712,14871.159619
-24867822.116066,35712,14942.92511
-12090276.227959,35712,15014.615593
-9021948.222149,35712,15086.395545
-7074264.796527,35712,15158.734283
-23561825.234159,35712,15232.189432
-13312318.088155,34560,15303.138138
-19268308.593374,35712,15376.424695
-23046307.355085,35712,15448.149485
-7073928.595592,34560,15517.555047
-13328594.58612,34560,15587.060766
-10176355.737613,35712,15659.128284
-6666020.054844,35712,15730.91935
-6691695.547887,35712,15803.267807
-7941305.964603,34560,15876.773637
-17238180.928758,34560,15946.613478
-10117862.538502,34560,16016.587861
-6168668.950358,35712,16088.643119
-30124845.884899,34560,16158.923027
-20628061.085766,35712,16230.973913
-10431676.495353,35712,16303.684931
-22638894.908765,35712,16376.086338
-20482088.889815,35712,16448.513043
-16003288.307237,35712,16521.186259
-5251973.032804,35712,16593.957239
-25927935.438993,35712,16666.146127
-10937766.260573,34560,16736.181312
-8110254.438772,35712,16808.5205
-12825832.630422,35712,16880.989436
-22081284.619755,34560,16951.279064
-10463240.989041,34560,17021.642257
-25157145.874022,35712,17094.540693
-8752453.940931,35712,17167.445275
-12325196.123624,35712,17240.317373
-6556879.881013,34560,17310.825619
-19047513.613602,34560,17381.39002
-26815231.940465,34560,17451.712794
-6112570.805199,35712,17524.30289
-8201437.949267,34560,17594.3042
-11885543.275285,35712,17666.472513
-11877904.742316,35712,17738.634542
-10884350.757377,35712,17810.974536
-20860295.237351,35712,17883.495896
-12407169.614158,35712,17956.171636
-14106840.857432,35712,18028.590546
-19449160.514471,35712,18101.295633
-5051380.331295,34560,18171.009274
-17109310.634743,35712,18243.086443
-18772901.064888,35712,18315.220683
-8835915.663828,34560,18385.017334
-7632469.940967,34560,18455.046587
-9750603.617632,35712,18527.314864
-9873536.47666,35712,18599.674604
-20561434.974402,35712,18671.796333
-13101709.577381,34560,18741.504291
-6874915.19599,34560,18811.311186
-22400635.34833,34560,18881.275198
-3976334.108822,35712,18953.906987
-11745261.240713,34560,19024.023575
-16537392.954856,35712,19096.390093
-8455552.977327,35712,19169.608641
-21044288.261136,35712,19242.482463
-9216426.962713,35712,19314.523913
-9328461.977463,35712,19387.173904
-37159043.647412,35712,19460.542984
-22217281.307067,35712,19532.822907
-11614134.818967,34560,19602.765453
-19245901.390966,35712,19675.104726
-5151720.051854,35712,19754.452003
-8245891.832874,34560,19824.271265
-8103825.908236,34560,19894.579917
-7997783.239424,35712,19966.885517
-17929051.931754,35712,20039.219974
-35959466.470749,35712,20111.828453
-14938014.324823,34560,20182.221372
-10841565.081122,34560,20252.843404
-10948676.864369,34560,20324.923563
-7839259.204799,35712,20401.866897
-8092361.58662,34560,20476.177673
-8725449.596492,35712,20553.161941
-17801740.694328,35712,20628.961318
-9923597.492758,35712,20701.421254
-10022350.076937,35712,20777.940202
-9334149.96677,35712,20855.889488
-11128030.92567,35712,20933.208964
-9837821.590881,35712,21011.500975
-7848631.465115,34560,21086.649063
-14132888.41065,35712,21165.049731
-13073514.451038,35712,21241.848949
-5829490.375192,34560,21311.881855
-14450810.477917,34560,21381.711334
-16982977.828172,35712,21454.176412
-7308815.288269,35712,21526.71069
-15091657.236707,35712,21599.1127
-7818899.693819,34560,21669.188791
-16044135.342372,34560,21739.798298
-11023901.553267,34560,21810.112002
-8023909.879558,35712,21883.187313
-7084785.251793,34560,21953.879451
-18495513.219764,35712,22026.550964
-10393687.549194,35712,22098.996995
-5788775.317586,35712,22171.583525
-17545622.531799,35712,22244.570855
-8308045.108311,35712,22316.933488
-9109696.226042,35712,22389.303022
-11974200.260298,35712,22461.819077
-6851839.444404,34560,22532.041562
-27340565.850968,35712,22604.541441
-7913391.022763,35712,22677.176413
-8863588.9513,34560,22747.990981
-12461911.727553,34560,22818.884751
-29347516.628574,35712,22891.119586
-10503519.123052,35712,22963.349533
-14878306.582307,35712,23035.77878
-7478739.280198,34560,23106.401987
-18183007.556111,34560,23176.767199
-12907480.710647,34560,23246.877041
-7456180.366037,35712,23319.342695
-11058793.388076,34560,23389.807808
-28951815.068214,35712,23462.255789
-8437005.675985,35712,23534.489227
-18756279.790677,35712,23607.174577
-27273907.166005,35712,23682.016642
-17429279.281454,35712,23754.104091
-4013824.915201,35712,23826.170823
-14112779.951287,35712,23898.500633
-30892413.588471,34560,23969.10385
-7777697.832356,35712,24041.178587
-6382735.707602,35712,24113.230592
-10364520.189979,34560,24183.008389
-32821493.239395,34560,24252.929221
-16080499.295077,35712,24325.53225
-7556785.824055,35712,24398.000705
-18441084.03828,35712,24470.353218
-8260854.530501,34560,24540.266581
-13930843.133185,34560,24610.282955
-8251092.940504,34560,24680.615981
-8096704.034335,35712,24752.770836
-30055221.95843,34560,24823.712394
-9099939.457376,35712,24896.168153
-21505152.526022,35712,24968.774098
-14399614.517897,35712,25041.155612
-11437198.35612,35712,25114.070088
-7449790.281653,35712,25186.540927
-4055276.953799,35712,25259.138634
-11861143.31409,35712,25331.569032
-7057790.886978,34560,25401.609688
-13647993.968433,35712,25474.05915
-9338772.556904,35712,25546.900538
-7832592.446849,34560,25616.951772
-17996432.753232,34560,25686.836091
-16454341.720396,35712,25759.705779
-6831221.897286,35712,25832.0904
-35472173.533784,35712,25904.662505
-21342964.248527,34560,25974.893588
-18567007.370612,34560,26045.277403
-22855448.673895,34560,26115.846677
-2239347.41337,35712,26188.609953
-5752549.412944,34560,26259.170245
-18907225.013698,35712,26331.873937
-11758891.716652,35712,26404.287678
-10903720.438216,35712,26476.826503
-17175620.967212,35712,26549.477808
-30762489.499765,35712,26622.380797
-2134851.996966,35712,26695.223109
-18718337.231058,35712,26768.415378
-10738647.227138,34560,26839.243939
-19577711.036938,35712,26911.828955
-36764600.304421,35712,26984.50064
-5014142.030681,34560,27054.455577
-8884591.010384,34560,27124.850003
-14393691.062869,35712,27197.313701
-15591521.763942,35712,27269.746372
-12797585.809172,35712,27342.228394
-14871885.879566,34560,27412.516956
-8596999.022193,34560,27482.986199
-11330202.6068,34560,27553.806604
-5032967.755078,35712,27626.472734
-30779434.698427,34560,27696.98042
-10663416.24537,35712,27769.957843
-15605004.817766,35712,27842.801288
-9007401.459149,35712,27915.848056
-24295938.453447,35712,27988.864414
-13187966.38676,35712,28061.645719
-26849747.36405,35712,28134.232001
-15557292.153185,35712,28207.319936
-8764648.1047,34560,28278.574105
-7921945.723658,35712,28353.73176
-4661769.344337,35712,28428.57921
-8077454.007846,34560,28499.144321
-6809998.160351,34560,28569.67364
-12772961.38679,35712,28643.682267
-9210910.305495,35712,28719.243486
-9853808.099815,35712,28794.770164
-15194622.663339,34560,28867.232973
-15398040.862794,34560,28937.783303
-28340927.353898,34560,29008.149954
-19697539.042712,35712,29080.783459
-5053259.880941,34560,29151.078515
-20291042.038069,35712,29223.937305
-17097054.789619,35712,29296.834384
-13987324.525883,35712,29369.744876
-26820868.86226,35712,29442.844193
-27913882.623522,35712,29516.155532
-2817973.59717,35712,29589.406636
-11479926.709885,35712,29662.140038
-6057144.192478,34560,29732.544465
-26424124.010426,35712,29806.656343
-6550303.561431,35712,29880.974509
-11177260.254675,34560,29951.706778
-9401694.81141,34560,30022.537009
-6862272.564688,35712,30095.928092
-11171889.973951,35712,30169.179406
-6586101.863915,35712,30241.998096
-13669694.718712,34560,30312.508017
-10357243.32208,34560,30383.147797
-11875395.339313,34560,30453.627472
-5715128.15157,35712,30526.537309
-19669398.425462,34560,30597.31992
-32269062.729516,35712,30670.719125
-6426103.766559,35712,30743.530537
-7734962.228027,35712,30816.923646
-8079772.715616,35712,30890.744088
-8410025.897104,35712,30963.775331
-5019786.457981,35712,31037.314271
-6963044.54001,35712,31110.369613
-15232655.986663,34560,31181.066257
-18293263.156991,35712,31254.12281
-23751291.227732,35712,31327.24456
-11220021.708122,34560,31398.554001
-5928997.369762,34560,31469.597802
-14313561.035817,35712,31543.071169
-6965937.279281,35712,31616.586655
-5130407.275512,35712,31690.295671
-29129810.278897,34560,31761.91583
-14457163.917175,34560,31833.805638
-6844105.353347,34560,31904.471304
-26149014.547712,35712,31977.638911
-14832102.271671,34560,32048.801871
-14347124.413073,35712,32123.97845
-9624903.975489,35712,32198.941857
-18148910.234285,35712,32273.398333
-17272793.259131,35712,32346.746543
-20716003.085415,35712,32420.290915
-6958306.306888,35712,32493.553693
-23016581.521918,35712,32567.17744
-4828760.412091,34560,32638.931187
-7573493.148486,35712,32712.578243
-18008090.330418,35712,32786.323001
-5256779.794547,34560,32857.541713
-7918140.622177,34560,32928.653433
-12252164.683761,35712,33002.166788
-14592120.068678,35712,33075.891984
-17711407.555923,35712,33149.764933
-5553206.700481,34560,33222.147593
-16540158.363193,34560,33293.979223
-24328476.721804,34560,33365.19541
-2706747.507012,35712,33438.533208
-7968396.242405,34560,33509.973337
-16343410.51527,35712,33583.624216
-6000133.651591,35712,33657.683526
-14004929.805454,35712,33731.696185
-18450626.98338,35712,33805.256255
-20789332.92545,35712,33878.93311
-9967092.856986,35712,33952.658231
-15027477.92844,35712,34027.803809
-4815327.653104,34560,34100.040018
-16149494.950627,35712,34174.590045
-7736577.160828,35712,34249.102759
-21132454.732277,34560,34321.230185
-5393974.264433,34560,34392.977154
-14033852.051534,35712,34467.360998
-9491361.239264,35712,34542.519278
-34464153.361747,35712,34616.165627
-6189346.745699,34560,34688.421348
-8056338.191338,34560,34760.992789
-8223061.073486,34560,34833.183645
-5902029.835472,35712,34906.883445
-5164166.240615,34560,34978.577217
-30108427.03555,35712,35052.883585
-13396692.342927,35712,35127.35787
-12488473.109727,35712,35201.81704
-5106352.693457,35712,35276.037894
-7629648.987912,35712,35350.460601
-6006516.568395,35712,35424.363554
-8023921.866313,35712,35498.112005
-5004777.360181,34560,35569.156124
-11625500.575898,35712,35643.418719
-5631572.341322,35712,35716.60615
-9565497.995498,34560,35787.499437
-8344636.874352,34560,35858.652893
-9007063.001162,35712,35932.47704
-10597008.308079,35712,36006.469906
-16959694.530549,35712,36079.896312
-5061594.422641,34560,36151.277181
-13733417.618827,34560,36222.435334
-21494875.335793,34560,36294.085089
-2434835.274289,35712,36368.194118
-15714923.641102,34560,36439.782182
-15049157.396098,35712,36513.55371
-12532168.359079,35712,36586.870924
-10552771.302434,35712,36661.137633
-13775820.941366,35712,36742.79371
-19580101.073442,35712,36817.408442
-4274562.168342,35712,36891.806164
-25346000.870853,35712,36965.716124
-32439776.201623,34560,37037.614246
-16904100.734582,35712,37112.237707
-14014414.460355,35712,37186.882689
-11261143.720528,34560,37258.889449
-23317629.901764,34560,37331.470428
-8589166.702034,35712,37406.309555
-10787933.719208,35712,37480.740908
-10143268.807555,35712,37554.833383
-8102720.599925,34560,37626.549998
-13783472.401358,34560,37698.482398
-20544077.520681,34560,37770.773281
-8647242.937569,35712,37845.635192
-6555285.165577,34560,37918.221141
-21173699.460303,35712,37992.121485
-8349306.772513,35712,38066.580779
-14657798.322659,35712,38140.714516
-11125291.076327,35712,38214.926555
-11808872.353173,35712,38288.916774
-3495542.56724,35712,38363.036425
-10822689.387807,35712,38437.906253
-11177809.954382,34560,38509.812881
-14698896.236111,35712,38583.970602
-9902272.860527,35712,38658.5964
-13360008.884823,34560,38730.343282
-10137518.123594,34560,38801.893696
-18490896.627502,35712,38876.515563
-6239144.937098,35712,38950.669546
-14380989.482134,35712,39024.686041
-9365446.93728,34560,39096.944747
-12294980.192666,34560,39168.721839
-17895754.135379,34560,39240.654873
-22328065.339306,35712,39314.616807
-4894371.380167,34560,39386.00829
-5457518.382075,35712,39460.405193
-26457345.998759,35712,39535.365522
-10519666.123791,35712,39610.738244
-6023047.925373,35712,39685.490666
-33946505.681837,35712,39760.181238
-10740692.442587,35712,39834.657805
-25278354.742244,35712,39909.251946
-12620945.282779,34560,39981.453578
-32098520.7003,35712,40056.787829
-8471297.338585,35712,40130.878995
-6241503.521565,34560,40203.6567
-13662428.038351,34560,40275.697797
-6920844.944808,35712,40350.293552
-4849987.274412,35712,40424.731615
-13890685.262265,35712,40499.40618
-14931062.885509,34560,40572.672223
-6188296.006637,34560,40654.778714
-11301562.305932,34560,40726.860794
-25507504.913044,35712,40801.104222
-22488930.09438,34560,40873.126596
-6004698.066359,35712,40947.435782
-9530662.367062,35712,41021.684123
-16064050.799656,35712,41096.107105
-16937583.592145,35712,41171.483136
-7547769.557924,35712,41246.145631
-6981017.603119,35712,41321.129659
-7813335.473857,35712,41396.79445
-19019848.983831,34560,41468.474864
-18625779.171744,35712,41542.578935
-16684819.064413,35712,41617.13507
-7146582.599609,34560,41689.089847
-8822710.747284,34560,41761.050631
-8102311.226982,35712,41836.243824
-12346311.024901,35712,41910.604749
-6200061.733053,35712,41985.178267
-3814431.569233,34560,42057.284651
-6545226.296539,34560,42129.672921
-17313526.760006,34560,42201.65288
-2308586.062984,35712,42275.930714
-19637824.732268,34560,42348.101602
-6320233.325164,35712,42424.044529
-12182757.026859,35712,42498.548274
-25278373.49212,35712,42573.056953
-17053602.365472,35712,42647.903762
-18781659.479468,35712,42722.906101
-13122573.016216,35712,42797.131548
-17757820.312533,35712,42871.687177
-15524625.600913,34560,42944.690664
-6188996.167573,35712,43019.93344
-29982270.215774,35712,43095.022124
-7811451.593425,34560,43168.22798
-6064627.291587,34560,43241.077703
-5092513.843324,35712,43318.427593
-15008000.605456,35712,43394.159791
-3406821.916053,35712,43468.504906
-7334028.487491,34560,43540.423136
-5435325.424117,34560,49871.655944
-14270055.364265,34560,49943.733141
-3186064.272357,35712,50018.412176
-19667109.345239,34560,50090.510607
-23730807.173086,35712,50165.867106
-21291169.171414,35712,50240.95693
-22275340.129157,35712,50315.676364
-10144732.820938,35712,50392.218024
-7380204.460982,35712,50466.845162
-6281284.074637,35712,50541.528765
-21707435.388598,35712,50616.330883
-12086839.96458,34560,50689.294224
-17547900.801017,35712,50764.365556
-21404079.246874,35712,50841.43548
-5937151.967491,34560,50915.488123
-11715750.803359,34560,50987.459297
-8528883.702626,35712,51062.203281
-5560612.08308,35712,51136.994629
-5593617.706941,35712,51211.669758
-6675933.541694,34560,51283.756868
-15613473.063054,34560,51356.312758
-8438438.071999,34560,51428.497774
-4758946.692743,35712,51503.521609
-27787806.457344,34560,51576.591274
-18889690.136237,35712,51652.231501
-8830321.598503,35712,51727.53099
-20182007.125459,35712,51803.120628
-18381510.89103,35712,51878.05466
-13462244.724076,35712,51952.772721
-4056620.703341,35712,52028.373215
-23759628.969354,35712,52103.567231
-8465390.612101,34560,52176.229105
-6029679.227575,35712,52251.499985
-10982943.108821,35712,52326.159443
-20462835.800844,34560,52399.06338
-9350864.157022,34560,52472.235822
-22661641.509356,35712,52547.162262
-7087997.670331,35712,52622.561036
-11018583.07191,35712,52697.247716
-5328690.071878,34560,52769.620729
-17057754.625674,34560,52841.904759
-24161397.157094,34560,52914.61459
-5448622.382228,35712,52989.739216
-6398480.207331,34560,53061.867239
-9245327.248649,35712,53137.303958
-9175004.92603,35712,53214.150947
-8362081.158665,35712,53290.090152
-18547445.286158,35712,53366.100665
-9584049.810016,35712,53442.114686
-11508822.361927,35712,53518.114192
-17426239.738717,35712,53593.059725
-3541004.186514,34560,53665.688678
-14351514.340181,35712,53742.310093
-16970967.968488,35712,53817.291709
-7509868.253673,34560,53890.105716
-6147562.254081,34560,53962.765131
-7085494.90991,35712,54038.090441
-8033823.693371,35712,54113.859382
-18668503.080025,35712,54188.574692
-11811687.944545,34560,54261.140556
-5195345.526879,34560,54333.532561
-20489172.287139,34560,54406.092122
-3104934.13501,35712,54481.096108
-9140648.348604,34560,54553.566587
-14943966.2861,35712,54628.670239
-7443057.700818,35712,54703.661072
-19081297.153058,35712,54779.115594
-7190070.695021,35712,54853.945543
-6986409.031131,35712,54928.586245
-34321319.491663,35712,55004.04073
-19409551.859708,35712,55078.418438
-9063533.31233,34560,55151.069398
-17220741.992661,35712,55226.125216
-3807643.085338,35712,55301.041371
-6003996.477394,34560,55373.086748
-6496379.830406,34560,55445.721432
-6025282.715992,35712,55520.900024
-16420457.738673,35712,55596.600652
-33158953.544942,35712,55671.731635
-13562851.118435,34560,55745.213897
-9228565.07719,34560,55817.726373
-8818366.3436,34560,55890.46387
-6120807.188496,35712,55966.297225
-6390600.388031,34560,56039.265506
-7090693.629126,35712,56115.073192
-16542234.429092,35712,56191.081788
-7523195.843732,35712,56267.186692
-7893011.475148,35712,56342.513945
-6619670.994363,35712,56417.861189
-9908282.939171,35712,56492.998765
-7960608.529377,35712,56567.723525
-5867883.68354,34560,56640.366645
-12399299.876107,35712,56715.118125
-10951073.045714,35712,56789.969742
-4302165.542558,34560,56862.855223
-13463090.856871,34560,56935.463259
-14406230.872046,35712,57012.075759
-5627708.771324,35712,57086.940058
-13791957.400213,35712,57163.526031
-6200577.75495,34560,57236.348298
-14284830.505711,34560,57310.573074
-9093104.04799,34560,57383.205362
-7080978.494754,35712,57457.959089
-5081517.359465,34560,57530.544011
-16574031.073404,35712,57606.022987
-8668242.323945,35712,57681.214308
-4082082.856317,35712,57756.05337
-15264992.571673,35712,57831.366087
-5900816.809253,35712,57906.159709
-7832031.027285,35712,57980.852808
-9251932.526466,35712,58056.596133
-5220536.513586,34560,58129.951174
-24435253.954713,35712,58205.422837
-6297586.531542,35712,58280.653226
-6587798.577402,34560,58353.274589
-11086277.897261,34560,58425.975149
-26298498.424127,35712,58501.518927
-9070805.053359,35712,58577.281492
-13363672.502512,35712,58652.374876
-5247770.765025,34560,58726.092664
-15618913.447313,34560,58798.734826
-10607244.251096,34560,58871.616071
-6299335.157952,35712,58947.053286
-8872015.714977,34560,59019.923288
-25831249.753408,35712,59095.23315
-7001884.498348,35712,59171.025054
-16994251.103813,35712,59245.934001
-24461104.945994,35712,59321.302367
-15677633.628318,35712,59396.181925
-2848029.374355,35712,59471.541187
-11268255.126756,35712,59546.680603
-27850904.324578,34560,59619.894933
-5438270.454898,35712,59695.016656
-4421776.385293,35712,59769.801269
-7607744.293324,34560,59842.272284
-29481861.397523,34560,59915.178627
-14049354.031252,35712,59990.061215
-5409999.465212,35712,60064.960651
-15907404.479054,35712,60140.189099
-6270706.008169,34560,60213.008929
-12675871.864294,34560,60285.688223
-6314710.250558,34560,60358.260514
-5939727.683806,35712,60433.519428
-27727967.034104,34560,60506.685428
-7094676.25125,35712,60582.559821
-18731845.768039,35712,60657.77705
-11374323.400994,35712,60732.865674
-8635369.316954,35712,60807.619949
-5551656.139575,35712,60882.732218
-3003396.392853,35712,60958.724842
-10281742.540102,35712,61035.157952
-5525842.018206,34560,61107.977026
-11297334.132981,35712,61183.556384
-7340169.546355,35712,61259.465035
-6349784.449276,34560,61331.945891
-16021585.208337,34560,61405.884927
-14444420.242449,35712,61481.912927
-4707184.933323,35712,61557.253426
-32095577.9945,35712,61632.502076
-19501473.955328,34560,61705.126275
-16489043.395773,34560,61779.101144
-20047344.294308,34560,61852.431107
-1431051.80266,35712,61928.031737
-4133840.141371,34560,62001.43492
-16640215.726364,35712,62077.105391
-10550380.073847,35712,62152.426457
-8774951.225994,35712,62227.351269
-15053407.158259,35712,62302.518367
-28064431.842567,35712,62377.716919
-1456477.241546,35712,62452.812252
-16495928.124672,35712,62528.312475
-8660182.30276,34560,62601.263106
-17445952.533932,35712,62676.244908
-33945656.194472,35712,62753.201571
-3414758.512406,34560,62825.713691
-7532067.64665,34560,62898.439467
-12050241.793264,35712,62974.558917
-13536758.221282,35712,63049.986912
-11275310.608529,35712,63125.372015
-13499947.96032,34560,63197.968316
-5689013.067963,34560,63270.610231
-8854239.419201,34560,63343.597179
-4000844.021756,35712,63418.773728
-27399620.101648,34560,63491.578166
-8633087.145527,35712,63567.974677
-14026667.015037,35712,63642.87368
-7087575.363096,35712,63717.999329
-22321654.865667,35712,63793.074106
-10128866.40961,35712,63868.195967
-23666449.006178,35712,63943.515708
-12843357.762078,35712,64019.860673
-6405689.337492,34560,64093.758236
-5756339.319205,35712,64169.825984
-3052098.464842,35712,64244.537281
-6137619.921477,34560,64317.072377
-4694871.447556,34560,64389.771856
-10797399.340205,35712,64464.659188
-7555758.586666,35712,64540.818368
-7715566.749474,35712,64616.683826
-12289713.041587,34560,64690.289141
-13372917.748181,34560,64763.470033
-26403218.186615,34560,64838.450225
-16979373.142118,35712,64915.372386
-3447298.709744,34560,64988.876793
-17471882.66523,35712,65064.989806
-14336493.577214,35712,65141.517945
-12301109.241181,35712,65217.190847
-23324141.639486,35712,65292.596213
-24601920.21651,35712,65368.172588
-1897242.567093,35712,65443.400267
-8834943.086838,35712,65518.721367
-4430175.288287,34560,65591.585538
-23765419.776413,35712,65667.097566
-5075953.079634,35712,65743.219438
-8915216.714939,34560,65816.46837
-7864168.693843,34560,65890.322832
-4837931.287824,35712,65965.766503
-9502351.234113,35712,66041.203608
-5310012.397271,35712,66116.727237
-11908796.924885,34560,66189.727633
-7591213.317347,34560,66263.273556
-10084217.343085,34560,66336.087373
-4465048.372239,35712,66411.580744
-17091555.60901,34560,66484.941736
-29387638.602114,35712,66561.518909
-5396519.45425,35712,66638.244079
-5636341.852821,35712,66714.742647
-6109577.232276,35712,66790.919508
-6495344.101777,35712,66867.079405
-4191930.875533,35712,66942.760582
-4610434.168314,35712,67019.495936
-13707584.757288,34560,67092.886219
-15709798.789585,35712,67169.082242
-21010547.814072,35712,67245.485703
-9693937.640059,34560,67319.008052
-3930707.394841,34560,67392.110266
-12086261.620652,35712,67467.609298
-5476173.260162,35712,67543.428918
-3364993.989416,35712,67619.31806
-25928906.377711,34560,67692.593551
-12636740.68892,34560,67765.793886
-5015292.04328,34560,67839.107515
-23026137.708306,35712,67914.744248
-11543667.84766,34560,67988.329434
-12220949.276375,35712,68064.854729
-6352818.795631,35712,68140.275121
-15978992.743783,35712,68216.316226
-14853779.297002,35712,68291.899617
-18299426.29914,35712,68367.614336
-5486346.916778,35712,68443.98956
-20320965.354346,35712,68519.458242
-3380736.431323,34560,68592.735468
-4833197.416159,35712,68668.064543
-15580658.503018,35712,68743.548236
-3344414.701684,34560,68816.932667
-5835730.486561,34560,68890.408413
-10068572.955024,35712,68966.387341
-12934484.577837,35712,69042.033417
-15582377.439193,35712,69117.961583
-3851828.77528,34560,69191.517114
-14122219.290921,34560,69265.695513
-21444600.089761,34560,69339.184382
-1896369.023395,35712,69415.13064
-5734948.876366,34560,69488.725169
-13447745.456002,35712,69564.450284
-4387464.216098,35712,69640.306645
-12075444.9316,35712,69716.147804
-16916141.822405,35712,69791.930271
-18047239.833887,35712,69868.879165
-8835438.445959,35712,69945.078626
-11330685.748434,35712,70021.24923
-3391079.393495,34560,70095.02386
-12733700.967583,35712,70171.64769
-5930661.337859,35712,70247.569439
-18403279.880941,34560,70322.592288
-3432109.129608,34560,70396.875171
-11394402.13786,35712,70473.758366
-6873676.238016,35712,70549.86871
-29807514.831944,35712,70627.788055
-4247711.770286,34560,70701.887312
-6180104.319201,34560,70776.003517
-6337249.408479,34560,70850.058236
-3584894.432633,35712,70927.046448
-3330129.143255,34560,71000.396029
-26325162.350284,35712,71077.51994
-12074436.941092,35712,71153.473708
-10731118.280992,35712,71230.309992
-3162753.119996,35712,71307.007365
-4673035.497971,35712,71382.701665
-4874225.805543,35712,71458.683409
-5617360.747182,35712,71535.084764
-3034667.011078,34560,71609.122642
-9173131.585755,35712,71685.205555
-4185754.394104,35712,71761.044085
-7676017.150655,34560,71834.18137
-6553673.921261,34560,71907.628217
-6834488.206968,35712,71983.795623
-8828421.36822,35712,72059.793907
-15082605.822341,35712,72135.397204
-3462131.338813,34560,72210.02587
-12350028.495926,34560,72284.765378
-19631064.612938,34560,72358.732685
-1626627.382886,35712,72435.385277
-12527558.117708,34560,72509.811888
-12356675.700465,35712,72588.589131
-11618147.144361,35712,72665.852636
-7849576.188311,35712,72742.118155
-10531453.268089,35712,72819.329931
-16942795.874146,35712,72896.246222
-2747527.34379,35712,72972.047915
-21739274.474733,35712,73047.888237
-28766585.503551,34560,73121.777672
-14636023.705942,35712,73198.040204
-11628974.013251,35712,73274.022225
-8084650.827027,34560,73347.727854
-21459977.710255,34560,73421.44314
-5526115.55741,35712,73497.328212
-9337605.3009,35712,73573.528181
-6526122.104193,35712,73649.423688
-5388750.36533,34560,73723.732347
-10174517.739914,34560,73797.168279
-18061536.445796,34560,73870.705392
-6214511.378727,35712,73948.005482
-3908599.09574,34560,74021.765331
-19257572.731252,35712,74097.752367
-7176225.923044,35712,74173.529862
-12640500.93509,35712,74250.162598
-7259464.973348,35712,74327.261082
-8887572.948096,35712,74403.163202
-2537158.624562,35712,74478.993215
-7051648.196295,35712,74555.007672
-8339766.866778,34560,74629.236924
-11715262.009861,35712,74705.915365
-6763872.470966,35712,74782.300537
-10617258.918268,34560,74857.714994
-8496928.57878,34560,74931.236882
-14304794.613341,35712,75007.62948
-3660295.982552,35712,75083.911144
-11541772.930826,35712,75161.051277
-6674613.724666,34560,75235.856497
-8478079.344949,34560,75310.250465
-15995913.930211,34560,75384.851301
-17910260.079345,35712,75462.846647
-2869955.855521,34560,75537.429168
-3160101.775677,35712,75615.605914
-20340726.178924,35712,75693.164168
-7129564.905678,35712,75770.303282
-3496745.912434,35712,75848.138528
-29130179.254156,35712,75926.307088
-9803285.666794,35712,76003.040087
-21705106.743385,35712,76080.682701
-10411105.866651,34560,76155.003801
-24160803.732036,35712,76231.635437
-6484857.469721,35712,76308.407346
-4375678.347962,34560,76383.685746
-11024978.814401,34560,76458.690226
-4011873.075068,35712,76535.397399
-2876517.737363,35712,76612.433264
-10145075.529649,35712,76690.039397
-12344185.268724,34560,76765.449207
-4346411.971388,34560,76839.758576
-9407736.684429,34560,76914.077386
-20626955.716639,35712,76991.102138
-17452289.482449,34560,77065.918719
-3489368.228359,35712,77142.46887
-6286877.840382,35712,77219.252555
-11985073.264138,35712,77296.700978
-12961082.29316,35712,77373.616296
-4954328.771991,35712,77451.21224
-5835590.697612,35712,77527.689369
-5676268.061973,35712,77605.46778
-14415005.59011,34560,77681.429971
-14607901.656886,35712,77760.068245
-11929846.870063,35712,77838.319398
-4189135.791761,34560,77913.86806
-6595765.857283,34560,77989.719347
-5568779.523723,35712,78067.144843
-9950331.601085,35712,78144.532244
-4397903.759688,35712,78222.161516
-2231026.940176,34560,78296.617061
-3787622.665809,34560,78371.488767
-14046490.367644,34560,78447.98085
-1460486.836672,35712,78526.667105
-16912559.391574,34560,78603.129671
-3680488.834596,35712,78681.473357
-10720040.152848,35712,78759.923789
-21109980.655369,35712,78837.414549
-13549685.412493,35712,78914.072256
-14655253.540685,35712,78991.266416
-10182402.195554,35712,79068.8205
-13012349.52596,35712,79146.538125
-11952822.04803,34560,79221.793893
-4126557.499795,35712,79300.07638
-26328812.99041,35712,79377.427073
-5986201.461553,34560,79452.805624
-4558997.462553,34560,79527.60413
-2557710.772076,35712,79605.846128
-10527886.29889,35712,79683.166519
-1735572.268359,35712,79761.434808
-4064087.43287,34560,79837.880982
-3803360.500244,34560,79913.270949
-11396689.103363,34560,79988.017872
-2333409.74664,35712,80065.989667
-13496923.316549,34560,80141.537521
-17782991.031726,35712,80219.435418
-15417602.364025,35712,80297.38198
-17300827.386937,35712,80376.441316
-7833219.030641,35712,80453.864423
-5211510.963458,35712,80530.523129
-4786028.615741,35712,80607.527709
-15964611.755694,35712,80685.594671
-10208771.798174,34560,80760.545648
-13027290.678945,35712,80837.782259
-14623608.424415,35712,80915.545601
-4260933.515432,34560,80990.54755
-10379293.997389,34560,81065.526338
-5975066.718744,35712,81142.757031
-3989995.341211,35712,81219.462217
-3569200.223817,35712,81297.632676
-4492908.914146,34560,81374.053694
-10910484.616801,34560,81450.70026
-5417188.343595,34560,81526.361945
-2491243.393813,35712,81603.932393
-19694220.152904,34560,81680.343995
-13110807.025278,35712,81758.101313
-7090024.457288,35712,81835.04527
-15045033.549519,35712,81912.320442
-13472851.443027,35712,81990.797884
-9732550.043937,35712,82068.998473
-2702449.132793,35712,82147.139878
-17053081.177488,35712,82225.584478
-5061939.898941,34560,82301.067532
-3180130.966461,35712,82379.874512
-6956338.337758,35712,82458.344682
-15024875.768738,34560,82534.815511
-7302282.830349,34560,82611.395505
-15967031.216066,35712,82690.34807
-4937505.046079,35712,82767.507356
-7530644.284983,35712,82844.690198
-3731891.155712,34560,82919.375024
-13704375.240168,34560,82994.157597
-16003941.334664,34560,83069.358859
-4408668.947469,35712,83147.005911
-4497087.264998,34560,83221.425778
-5767735.249566,35712,83298.448917
-5796724.128799,35712,83375.42237
-5367072.032046,35712,83452.841258
-11702647.787174,35712,83530.742192
-5846618.665097,35712,83610.19099
-7668450.020718,35712,83689.328263
-13526753.958468,35712,83768.860178
-1990360.854896,34560,83845.509794
-9055934.734939,35712,83924.503989
-11242720.547559,35712,84003.386582
-4564139.338776,34560,84078.611425
-4006729.920775,34560,84153.482957
-3382119.877546,35712,84230.535363
-4313830.132976,35712,84307.478843
-12687710.079396,35712,84384.570889
-7075880.091369,34560,84460.438702
-3128853.291169,34560,84535.245532
-13134120.91011,34560,84610.577282
-1814124.539651,35712,84688.08095
-5908120.045762,34560,84762.998179
-10474832.332986,35712,84840.526763
-5932298.883571,35712,84917.996646
-10945751.68991,35712,84995.536669
-4626092.700056,35712,85073.341223
-3632999.395014,35712,85151.458191
-22469046.934947,35712,85229.376619
-11612813.683055,35712,85307.698297
-4953734.864569,34560,85383.362915
-12652281.397709,35712,85461.498138
-1950188.866981,35712,85540.195679
-2951754.162005,34560,85615.180507
-4426036.055324,34560,85689.632304
-3450936.581191,35712,85767.354767
-12055605.64821,35712,85844.529111
-18534724.748393,35712,85922.237972
-8196602.697113,34560,85998.500485
-6329453.918927,34560,86074.618766
-5619404.963829,34560,86151.796441
-3467842.397712,35712,86229.688013
-3352748.888418,34560,86304.590647
-3794442.843217,35712,86382.913203
-11019850.892029,35712,86460.704122
-4370720.915756,35712,86539.077303
-4984366.177237,35712,86620.076365
-3209484.347187,35712,86699.726813
-5705585.604809,35712,86778.093377
-4946760.269869,35712,86856.064088
-3092311.039926,34560,86931.547895
-6389080.456352,35712,87009.138452
-7208856.546087,35712,87086.936569
-2447775.618971,34560,87164.479095
-8254464.627302,34560,87241.706746
-8934635.763896,35712,87321.749012
-3131507.266855,35712,87401.61915
-8010796.609809,35712,87481.127218
-3810166.32889,34560,87557.838129
-6955735.948039,34560,87635.232136
-5425517.893547,34560,87712.315482
-4201669.988343,35712,87792.434994
-2658418.583829,34560,87870.123919
-11548548.87404,35712,87950.082514
-4844497.385024,35712,88030.151863
-2089056.161927,35712,88109.997444
-7556102.29414,35712,88189.644686
-2836405.320499,35712,88268.298626
-4648260.9147,35712,88346.038872
-4685459.209858,35712,88427.795189
-2634692.679343,34560,88502.767609
-12521187.027583,35712,88581.952866
-3608221.370375,35712,88661.823833
-3336984.244335,34560,88738.180492
-5533716.925067,34560,88815.260076
-13314193.790926,35712,88895.73569
-5003674.133404,35712,88975.339538
-5891920.890082,35712,89055.153455
-2540684.562737,34560,89132.440965
-9735615.675836,34560,89210.109388
-4797717.38955,34560,89287.975687
-3057801.269891,35712,89367.411196
-4605065.797127,34560,89443.76348
-9170423.566431,35712,89523.844802
-3800821.3863,35712,89603.008752
-7440309.488619,35712,89683.925442
-10031841.035721,35712,89763.945159
-7763493.476599,35712,89843.622848
-1363487.467948,35712,89922.446561
-4552965.169201,35712,90001.077398
-9968714.146513,34560,90079.432318
-2809177.415535,35712,90158.902409
-2080052.110787,35712,90239.214326
-3938496.485128,34560,90316.666386
-12950711.366898,34560,90394.369426
-6636941.68836,35712,90474.503658
-2728953.193012,35712,90554.722596
-7099979.715688,35712,90634.820869
-2974731.609992,34560,90712.250005
-7782526.557339,34560,90789.81319
-2714597.835082,34560,90867.008079
-3507721.108929,35712,90946.117984
-14148966.827315,34560,91023.10759
-2789980.717327,35712,91101.672264
-7733832.032125,35712,91179.601789
-4979649.964202,35712,91257.416875
-4266288.43195,35712,91335.64836
-2619840.948981,35712,91414.722265
-1662021.659495,35712,91494.809245
-5430751.70471,35712,91573.28194
-2515108.731938,34560,91648.998366
-4649528.023798,35712,91727.093863
-3495399.461097,35712,91804.635319
-2347871.608074,34560,91879.849088
-5754162.355222,34560,91955.083589
-5951851.247578,35712,92043.785906
-1916960.305951,35712,92121.454873
-9085710.233203,35712,92200.429754
-10121083.28705,34560,92275.911544
-6915819.104765,34560,92350.87345
-6530354.292872,34560,92425.97232
-755026.526422,35712,92503.8817
-1239748.806127,34560,92579.39818
-5961637.020549,35712,92657.585729
-4646014.749883,35712,92735.265093
-3245849.521811,35712,92813.373282
-5568950.42517,35712,92891.286655
-10712931.630405,35712,92969.261574
-696663.590299,35712,93047.026045
-4865487.691821,35712,93125.28825
-2683405.909187,34560,93200.91217
-5498718.711622,35712,93278.94235
-9662113.323091,35712,93357.515748
-1883350.475902,34560,93432.874231
-3127657.505718,34560,93508.176618
-4837446.612807,35712,93587.527386
-4636408.562926,35712,93665.680626
-3900728.821976,35712,93744.602704
-5834926.243334,34560,93821.579421
-2134375.973006,34560,93896.927181
-3541116.924876,34560,93971.96927
-1996270.930174,35712,94050.35431
-7890195.412228,34560,94127.804907
-2753785.968395,35712,94207.492782
-5366918.619084,35712,94287.089469
-1939883.618805,35712,94366.450408
-4142211.156601,35712,94445.738732
-1950805.396054,35712,94525.339478
-3976312.315016,35712,94605.155626
-4070455.393838,35712,94684.396804
-2896516.199668,34560,94761.945776
-1493124.111161,35712,94841.871487
-892156.557008,35712,94919.947366
-1730105.375099,34560,94995.881665
-1336115.12007,34560,95073.123254
-2592685.159412,35712,95153.345246
-1519875.042549,35712,101600.483335
-2543243.013184,35712,101678.837229
-2240403.907325,34560,101754.937959
-2355313.247407,34560,101830.693496
-7519267.930853,34560,101906.821342
-3169601.461585,35712,101985.293439
-638413.980485,34560,102060.980675
-4094384.274535,35712,102139.191054
-2492485.858021,35712,102218.238514
-3021523.316237,35712,102296.505006
-5130617.92037,35712,102374.386131
-4203783.990807,35712,102452.432607
-743807.645275,35712,102530.082758
-1769212.566959,35712,102607.839733
-1222450.452149,34560,102683.292982
-3818193.251983,35712,102761.408924
-1046003.364417,35712,102839.750038
-2290392.722426,34560,102915.543183
-1986917.202401,34560,102991.017689
-1271158.19745,35712,103069.291421
-2144028.045413,35712,103147.273317
-1670984.834549,35712,103225.424844
-5277261.660716,34560,103301.066153
-1869180.509641,34560,103376.808505
-1619974.734253,34560,103452.197305
-1370298.145077,35712,103529.978171
-2836978.93183,34560,103605.764797
-4942489.805268,35712,103685.601016
-1052982.563089,35712,103763.540053
-1405316.505384,35712,103841.824177
-1811349.238058,35712,103919.786066
-1564154.06058,35712,103997.901766
-1280188.411515,35712,104075.790564
-1080738.383107,35712,104154.459826
-2958401.516326,34560,104230.344239
-2468722.641965,35712,104308.50761
-2331807.575221,35712,104387.349941
-2076336.649235,34560,104462.691678
-858721.377403,34560,104539.273826
-2931806.127671,35712,104617.969509
-1001738.198977,35712,104696.48037
-757647.133328,35712,104774.911445
-4981847.119105,34560,104851.163164
-2030903.094666,34560,104927.177296
-877165.278659,34560,105003.579428
-3748839.208515,35712,105083.476436
-1444202.195084,34560,105160.143232
-2554491.01924,35712,105239.316614
-1611098.174297,35712,105318.727585
-2502465.203011,35712,105396.895914
-3314706.362959,35712,105475.449782
-4875757.630837,35712,105553.242598
-2007294.484404,35712,105631.803448
-3252556.840608,35712,105711.922422
-967329.448345,34560,105789.098626
-1168834.920748,35712,105869.000682
-2670431.141598,35712,105947.999302
-858947.653879,34560,106023.557176
-948266.869546,34560,106099.484126
-2152377.737994,35712,106177.737894
-2019296.435505,35712,106256.0869
-1945836.043237,35712,106334.654333
-1084352.57079,34560,106410.654646
-2208889.64358,34560,106485.968908
-3932654.762237,34560,106562.542544
-1027368.848886,35712,106640.46224
-1222798.004464,34560,106716.645626
-2250717.932898,35712,106794.545414
-1095447.382302,35712,106872.564622
-3163323.984772,35712,106951.488646
-11174868.009075,35712,107029.422085
-3253402.025754,35712,107107.655333
-1842225.809673,35712,107185.193007
-1342717.647121,35712,107263.641944
-1060672.277376,34560,107338.790617
-1643827.345219,35712,107419.05125
-1316879.910009,35712,107497.962981
-5395555.91637,34560,107574.522289
-968333.41957,34560,107650.268992
-3762341.502854,35712,107728.397446
-1316873.026839,35712,107806.35197
-5094315.69011,35712,107885.696253
-881628.317057,34560,107963.305312
-1313614.829272,34560,108039.707968
-1487871.522194,34560,108115.167441
-765729.277739,35712,108193.021686
-745099.144612,34560,108268.237687
-2389609.911373,35712,108346.490389
-2327405.907743,35712,108424.628703
-2791127.145237,35712,108502.839253
-681882.641238,35712,108582.182269
-866057.886713,35712,108660.637226
-2144831.701883,35712,108738.208324
-1340371.817276,35712,108816.215902
-758914.756134,34560,108891.289218
-1290907.937592,35712,108969.534594
-1094824.257008,35712,109048.171196
-1546880.739672,34560,109124.931922
-1585427.98595,34560,109201.253427
-1597601.169096,35712,109280.034902
-1340523.504471,35712,109358.573862
-1871924.703729,35712,109436.623331
-686970.757206,34560,109512.181842
-2413228.051373,34560,109588.283225
-3926717.212877,34560,109664.346008
-665623.541182,35712,109742.404507
-1750049.900377,34560,109818.304314
-1745353.294166,35712,109896.816463
-1951121.086705,35712,109975.847865
-1968357.291227,35712,110053.961919
-2365362.841662,35712,110132.47489
-2300558.28108,35712,110210.919155
-772002.552883,35712,110289.944737
-3109835.427261,35712,110368.370636
-4140381.74443,34560,110444.63359
-1737473.902744,35712,110522.966856
-1781232.400039,35712,110601.378092
-2019225.682442,34560,110676.631779
-5805258.28489,34560,110752.186204
-1130826.236427,35712,110830.10486
-2366691.893567,35712,110908.102547
-1406259.581259,35712,110987.325115
-1205697.705197,34560,111064.285234
-1990351.720032,34560,111141.540959
-2668581.8369,34560,111219.413882
-1768053.363182,35712,111299.137813
-645525.876043,34560,111375.900263
-3053746.5033,35712,111454.028758
-2153918.528872,35712,111533.23045
-3307901.04873,35712,111611.551483
-1437243.740935,35712,111690.936538
-1762522.481517,35712,111770.363453
-961682.730021,35712,111848.19281
-1571308.260389,35712,111926.396579
-1923390.590885,34560,112002.329441
-1650176.569641,35712,112080.520419
-1028394.272974,35712,112158.937372
-2003381.269427,34560,112234.749211
-2018327.653684,34560,112310.067069
-3181196.926556,35712,112389.064152
-930032.027127,35712,112467.188136
-2151196.091917,35712,112545.388803
-1451833.262486,34560,112621.722445
-2215147.337584,34560,112697.384575
-4205217.339408,34560,112773.061168
-3373872.174408,35712,112851.320478
-876437.760148,34560,112926.727649
-849763.934005,35712,113004.567868
-2398814.955923,35712,113082.567621
-1203085.775536,35712,113160.509506
-1041121.868177,35712,113238.249991
-7498474.570548,35712,113316.727726
-3358787.746058,35712,113394.378611
-5237469.103359,35712,113472.6775
-1624376.744688,34560,113547.96457
-2527830.653769,35712,113626.139571
-1158123.110378,35712,113703.407384
-866886.776064,34560,113778.935564
-2040663.526125,34560,113854.048867
-1327973.769508,35712,113932.57672
-746625.073934,35712,114010.244785
-2499383.397459,35712,114088.121682
-3082137.287329,34560,114163.544748
-939955.397208,34560,114238.526028
-1919987.382062,34560,114313.742534
-2703494.038391,35712,114391.978128
-2496975.862164,34560,114468.257186
-837772.128471,35712,114546.282357
-1316818.7946,35712,114623.858208
-2150423.715241,35712,114703.007222
-2117983.143142,35712,114784.263778
-1242738.589673,35712,114862.994314
-1685722.843445,35712,114941.534962
-1610478.490768,35712,115020.844212
-2555905.114077,34560,115098.620715
-2275125.724612,35712,115179.832563
-1945723.7245,35712,115261.172664
-819953.735263,34560,115339.655962
-1379936.846395,34560,115418.728428
-2415488.478338,35712,115498.927999
-1990159.010201,35712,115579.142144
-913980.352663,35712,115659.989515
-639010.597016,34560,115738.248487
-733136.392427,34560,115816.533075
-2360740.093439,34560,115894.330098
-664883.822318,35712,115974.634556
-10210208.413694,34560,116052.932233
-730506.694645,35712,116133.656472
-3604389.008946,35712,116214.00161
-5503454.571353,35712,116292.977863
-2416194.523306,35712,116371.393958
-2224886.990577,35712,116449.852635
-2970766.208246,35712,116527.951792
-2331781.780556,35712,116608.629259
-2123151.524323,34560,116686.862837
-814582.209673,35712,116766.654036
-6363753.666351,35712,116846.987108
-2232159.923324,34560,116923.900258
-1167054.079032,34560,117001.810077
-894475.922954,35712,117081.969611
-1446871.75649,35712,117160.766941
-552132.781196,35712,117239.366082
-1198514.339472,34560,117315.327495
-1343849.904585,34560,117391.865434
-1786482.236548,34560,117467.413602
-942578.554823,35712,117545.075314
-2392140.593846,34560,117620.547953
-3069707.986742,35712,117699.715207
-2137990.698137,35712,117778.28841
-2915488.958051,35712,117856.935782
-1427699.978394,35712,117935.183511
-1136187.187017,35712,118013.331095
-1687028.420943,35712,118091.108736
-2427710.299862,35712,118169.454332
-3103178.121807,34560,118244.484372
-2115496.541624,35712,118322.347802
-2662766.897118,35712,118400.151434
-1120520.103777,34560,118475.22606
-3293475.24714,34560,118551.680878
-1494065.292266,35712,118629.912914
-1037023.577665,35712,118708.259022
-1214988.215515,35712,118786.741976
-1069411.577621,34560,118862.204105
-2284562.500897,34560,118938.230604
-1384571.969124,34560,119013.273076
-561851.729527,35712,119091.307289
-2619081.477201,34560,119167.214508
-3649113.046054,35712,119245.02087
-1616659.505591,35712,119323.50329
-3013472.913213,35712,119401.346742
-3987175.010273,35712,119479.241346
-2086013.489452,35712,119557.326282
-862315.21921,35712,119634.605562
-6085034.523488,35712,119712.216875
-1269365.59613,34560,119787.78357
-597028.359671,35712,119865.208468
-1376130.35283,35712,119943.872983
-3170862.14395,34560,120018.846125
-1413477.207616,34560,120093.91131
-4869108.754323,35712,120171.554765
-1048272.361491,35712,120250.142242
-1475616.850055,35712,120328.213258
-889714.895481,34560,120405.343898
-2507865.830431,34560,120483.638787
-3850831.642189,34560,120562.03226
-2246517.433369,35712,120642.190308
-1101041.407534,34560,120720.381994
-1253141.599675,35712,120801.457678
-1563288.50875,35712,120880.719937
-840882.93846,35712,120958.472684
-2115808.806259,35712,121036.67287
-1576547.746472,35712,121115.031423
-1806928.193048,35712,121193.550607
-4725628.994488,35712,121271.274617
-476713.796354,34560,121346.469357
-1933781.812862,35712,121424.565086
-1936319.261815,35712,121505.382759
-1333333.523802,34560,121584.424726
-917676.549469,34560,121661.338787
-1001627.26138,35712,121739.963676
-708629.522734,35712,121819.523673
-5249506.822882,35712,121897.927971
-1486375.112022,34560,121974.114146
-821269.145146,34560,122051.519707
-2377791.192161,34560,122130.334549
-572393.487234,35712,122209.620883
-949710.845577,34560,122286.214756
-1823902.178295,35712,122364.226542
-1556470.814296,35712,122442.189219
-1785873.524666,35712,122520.839581
-1218634.089775,35712,122599.526011
-505757.542971,35712,122678.005193
-3827047.022363,35712,122756.970905
-2962318.154038,35712,122836.816626
-1020141.67694,34560,122912.906399
-2398372.037578,35712,122991.744746
-463382.163612,35712,123070.151867
-731734.507998,34560,123145.855267
-1404342.135846,34560,123221.777635
-1048941.047219,35712,123300.143176
-2176023.908732,35712,123379.579324
-7092476.441707,35712,123460.349206
-1794434.972876,34560,123539.298726
-2834833.911893,34560,123618.373379
-1248390.170945,34560,123697.605065
-792591.067799,35712,123779.313673
-945427.807334,34560,123858.044141
-952396.239307,35712,123939.506328
-3101765.037247,35712,124020.39479
-1136034.868842,35712,124099.677707
-1585086.178456,35712,124179.416418
-1045864.024091,35712,124260.594711
-1806401.428006,35712,124341.626295
-1041328.053066,35712,124422.770492
-1035783.795886,34560,124501.161869
-1437554.818753,35712,124581.396395
-1665877.065435,35712,124660.118632
-709983.2006,34560,124735.386071
-3219055.495073,34560,124810.983084
-2783743.344022,35712,124889.486214
-657077.34723,35712,124968.532652
-2304012.378249,35712,125047.686178
-972763.917142,34560,125123.614099
-1714264.903493,34560,125200.181957
-1285163.729386,34560,125276.533627
-1620990.957641,35712,125354.732795
-850030.029624,34560,125433.430132
-2700787.883151,35712,125511.889543
-1305934.193625,35712,125590.678105
-641081.165354,35712,125668.55267
-2170361.717818,35712,125747.137432
-1287420.834306,35712,125825.394772
-1221139.213232,35712,125903.883207
-1305965.929108,35712,125983.257676
-776299.592454,34560,126058.906867
-3215492.584927,35712,126137.368164
-975675.731074,35712,126215.677221
-1045989.70716,34560,126291.619271
-2160639.227773,34560,126367.847947
-4429697.785551,35712,126446.084847
-1659865.504717,35712,126524.692348
-2665381.65355,35712,126603.718793
-1147340.466752,34560,126679.123875
-3375419.674212,34560,126755.092273
-1437457.942139,34560,126833.367516
-1358126.024946,35712,126913.980829
-1174556.34738,34560,126990.433504
-2256269.577827,35712,127069.667927
-1220198.855392,35712,127149.138081
-3291328.595058,35712,127227.193114
-3203233.463984,35712,127305.914146
-2466395.690092,35712,127385.988984
-506900.994936,35712,127465.120801
-1411998.786652,35712,127544.15318
-2647962.782148,34560,127621.050316
-934842.34256,35712,127701.861676
-500968.872121,35712,127780.336127
-1308067.458927,34560,127856.995428
-5018583.974491,34560,127933.977758
-2494022.206781,35712,128013.949379
-860199.443897,35712,128092.488901
-3126328.254883,35712,128170.841834
-911100.014704,34560,128246.874589
-4150019.761519,34560,128322.960329
-951988.055533,34560,128399.198438
-1357299.999458,35712,128477.253509
-5883609.792843,34560,128554.606172
-1429375.856167,35712,128633.537827
-3711494.615894,35712,128713.222486
-1953723.614995,35712,128793.771139
-1980066.191646,35712,128873.5045
-1317715.252653,35712,128952.722727
-1703075.492874,35712,129031.830568
-3495209.6422,35712,129111.384929
-1882623.990693,34560,129186.488463
-1365805.002631,35712,129265.019847
-1470684.509461,35712,129343.859912
-1516582.501018,34560,129422.533704
-2499342.985524,34560,129500.965024
-3432611.432723,35712,129581.615295
-806165.967249,35712,129661.66748
-3950381.642706,35712,129740.554001
-4552977.161759,34560,129817.586494
-3387851.112466,34560,129893.505639
-2631984.306301,34560,129969.785475
-413082.168036,35712,130048.069027
-671543.089416,34560,130123.761831
-2644941.33682,35712,130202.206948
-1768835.817781,35712,130282.68645
-1874198.115737,35712,130361.924216
-2956674.913855,35712,130441.372192
-5624950.686099,35712,130521.095128
-382338.739214,35712,130600.538676
-2053105.869716,35712,130679.828723
-1239119.183426,34560,130756.221077
-2118950.820937,35712,130834.898355
-3806489.400453,35712,130913.754701
-795007.962368,34560,130989.935111
-1461717.127533,34560,131065.43468
-2797254.861748,35712,131143.817801
-1374320.430376,35712,131222.245271
-2318910.290176,35712,131301.965832
-3579594.666819,34560,131377.35989
-926157.209118,34560,131454.564532
-2198458.684195,34560,131530.546101
-1195661.749588,35712,131609.160297
-3088897.509817,34560,131685.990804
-1507979.677543,35712,131764.469868
-3581723.563306,35712,131843.254098
-1128753.024608,35712,131922.002494
-2821728.482341,35712,132001.087275
-1567382.394841,35712,132079.546562
-2410619.062197,35712,132160.891858
-2293954.658313,35712,132242.431924
-926396.43041,34560,132321.30467
-1188621.567555,35712,132402.681885
-620183.2719,35712,132482.180453
-816065.235219,34560,132558.147068
-717190.73275,34560,132634.534859
-2103503.262987,35712,132713.584913
-1225911.922217,35712,132793.413828
-1876168.116262,35712,132871.298195
-1938386.012705,34560,132946.881983
-2212715.624675,34560,133023.234618
-8025936.97818,34560,133099.087272
-3662603.465361,35712,133178.365908
-1201855.374281,34560,133254.250314
-3253177.687418,35712,133332.807462
-3964542.723503,35712,133411.132008
-3506571.028505,35712,133489.608354
-4697352.085456,35712,133568.246056
-3640471.916715,35712,133646.85053
-996571.441967,35712,133726.543179
-1546765.137399,35712,133804.689706
-767745.949697,34560,133880.986846
-5399223.508082,35712,133959.406845
-822007.163843,35712,134038.213978
-1497178.212639,34560,134114.220104
-2600156.257461,34560,134190.052357
-856549.019705,35712,134268.156147
-2643750.78506,35712,134346.534793
-2195051.519032,35712,134424.376305
-3487780.686773,34560,134500.0372
-1576309.174518,34560,134576.471481
-2225964.507965,34560,134653.889636
-1078414.565247,35712,134732.227262
-2990706.517896,34560,134808.291605
-5631384.272161,35712,134886.728674
-1477039.898062,35712,134964.860998
-1343146.400275,35712,135043.050969
-1219576.386022,35712,135122.11964
-1317447.816287,35712,135200.669136
-1200969.23295,35712,135279.374917
-1003291.884474,35712,135358.035698
-5263822.486938,34560,135434.382236
-2526255.864881,35712,135512.888907
-2526063.640205,35712,135591.862861
-2411876.718447,34560,135668.162768
-747769.255085,34560,135744.410239
-2954886.70143,35712,135822.837332
-877268.562427,35712,135902.485564
-696620.192051,35712,135980.63888
-4046721.854196,34560,136056.823312
-2685938.577421,34560,136132.351078
-716008.26398,34560,136208.000119
-3676687.257845,35712,136286.411753
-1073951.665144,34560,136362.718163
-2729105.875351,35712,136441.350269
-1473853.763873,35712,136520.247729
-2268995.140885,35712,136598.6693
-2673651.920905,35712,136677.587653
-4092743.9491,35712,136756.683916
-2053512.922699,35712,136835.032568
-2571873.931048,35712,136913.863145
-647596.445113,34560,136989.817105
-879136.632319,35712,137068.49278
-3005484.819656,35712,137147.600355
-632449.834463,34560,137223.675567
-831408.839367,34560,137299.987125
-1659870.932878,35712,137379.085149
-1868935.27215,35712,137458.236601
-2068680.819865,35712,137536.786903
-648833.720047,34560,137612.849611
-1957645.932082,34560,137689.242321
-3125590.601348,34560,137765.200871
-756106.854223,35712,137844.195737
-911806.735081,34560,137919.686033
-1728269.390959,35712,138095.21298
-1004637.074021,35712,138173.852621
-2175949.770016,35712,138253.368989
-5311921.875457,35712,138333.34857
-2502400.237034,35712,138412.870054
-2112917.49298,35712,138491.217251
-1071976.564978,35712,138569.990422
-709891.034586,34560,138646.093191
-1520517.48257,35712,138725.176465
-1017184.530594,35712,138804.050346
-2974782.828393,34560,138880.582834
-938654.361275,34560,138956.146564
-4170873.534426,35712,139034.233691
-987941.640447,35712,139113.375283
-4993796.481459,35712,139193.807916
-691067.731677,34560,139270.116478
-988109.287568,34560,139346.191146
-1248118.493471,34560,139422.963159
-668467.887328,35712,139501.396677
-622029.679951,34560,139578.040133
-2824323.390995,35712,139656.542311
-2162098.024864,35712,139734.505619
-2362877.452159,35712,139812.720947
-546277.674205,35712,139891.030847
-825476.209585,35712,139969.427115
-2813785.230389,35712,140048.307336
-1186378.266682,35712,140127.637007
-627595.347773,34560,140203.821308
-1295020.258109,35712,140281.843967
-908930.871496,35712,140359.904042
-1461029.242236,34560,140437.380251
-1728622.627551,34560,140516.415969
-1620728.188715,35712,140598.226132
-1262079.879268,35712,140679.126364
-3425012.885543,35712,140760.28145
-796980.416764,34560,140837.549497
-2407500.771886,34560,140915.998
-3814047.960153,34560,140992.266926
-568306.856834,35712,141070.793162
-1735179.735318,34560,141148.629346
-2043545.708302,35712,141230.519317
-1914127.699314,35712,141309.530622
-1675021.397892,35712,141388.984001
-2354027.209317,35712,141468.970586
-3039726.550984,35712,141550.509606
-508353.966257,35712,141631.646247
-2340560.925248,35712,141712.671946
-3269236.709496,34560,141790.810971
-2220363.808666,35712,141871.591762
-1493891.834879,35712,141951.226451
-1713456.934824,34560,142028.374437
-6750040.990382,34560,142105.291169
-1065674.054902,35712,142184.801533
-1376141.235108,35712,142265.698493
-1295968.385429,35712,142346.969594
-1093514.236293,34560,142424.417184
-1532549.083529,34560,142501.683596
-1954028.410807,34560,142580.151797
-1647554.222702,35712,142659.261455
-668183.147073,34560,142736.296104
-3934646.570641,35712,142817.325084
-1300004.857828,35712,142895.699222
-2373878.441052,35712,142975.274613
-1903229.946948,35712,143056.892304
-1866517.73383,35712,143136.167584
-820718.053,35712,143217.54493
-1711734.735356,35712,143298.956568
-1458668.562649,34560,143375.768181
-1527044.416194,35712,143454.945671
-720375.968042,35712,143536.336007
-1858842.830217,34560,143613.84217
-1717538.058869,34560,143692.147
-5113534.915879,35712,143771.329725
-781437.05871,35712,143850.794308
-2564912.610177,35712,143932.011387
-1192191.843289,34560,144010.711769
-1948247.123095,34560,144088.84932
-4103362.579615,34560,144164.975158
-1981561.382532,35712,144243.116522
-750609.704198,34560,144318.484681
-758420.064305,35712,144397.306776
-2394719.08763,35712,144479.415278
-1031026.323386,35712,144562.886203
-804894.227747,35712,144643.219852
-5734085.622664,35712,144724.528599
-3244560.679254,35712,144802.73426
-4033002.534796,35712,144884.855617
-2180517.469831,34560,144963.69958
-2259856.120894,35712,145043.802994
-1129308.47856,35712,145123.286315
-925705.818554,34560,145200.612577
-1789817.254648,34560,145276.524457
-1302742.534363,35712,145356.631377
-743502.035977,35712,145434.786902
-1994909.919914,35712,145513.79154
-3605107.327621,34560,145590.599106
-712744.360886,34560,145667.68874
-1421473.380755,34560,145744.075453
-7610495.443498,35712,145823.819928
-2426700.355201,34560,145901.083662
-960900.892196,35712,145980.057511
-1177397.062846,35712,146059.279663
-2036594.107815,35712,146138.575214
-2786515.516763,35712,146218.304605
-1244750.187636,35712,146296.474718
-1206121.815473,35712,146374.82958
-1830775.667122,35712,146453.256368
-2928220.675856,34560,146529.791378
-3445373.255177,35712,146608.491458
-2026158.562513,35712,146690.118909
-833537.015781,34560,146766.399745
-1103143.702131,34560,146842.377336
-2048128.022489,35712,146921.424655
-1877691.893246,35712,146999.943447
-850578.547654,35712,147081.817933
-507266.754538,34560,147160.716269
-734275.85436,34560,147237.642533
-3597963.914646,34560,147314.121393
-509646.574841,35712,147392.29831
-5689059.875009,34560,147470.002672
-660420.019696,35712,147549.733067
-3140194.929424,35712,147628.608253
-3640456.931507,35712,147708.95669
-3184605.236309,35712,147789.016036
-2491501.689602,35712,147869.546731
-2326122.726467,35712,147948.295408
-2119565.298175,35712,148028.433997
-2324506.168758,34560,148104.419595
-833363.858524,35712,148183.989891
-17088703.950394,35712,148263.173273
-2301663.786389,34560,154710.706261
-1191479.450865,34560,154787.837735
-853415.149979,35712,154869.062425
-1545107.039318,35712,154950.641522
-561580.333011,35712,155028.771836
-2047213.16008,34560,155108.046046
-1987832.794269,34560,155185.55351
-2629267.263881,34560,155263.703405
-1226724.74083,35712,155342.43336
-2160226.25977,34560,155420.02195
-2744692.993372,35712,155498.828992
-2086791.111469,35712,155578.948949
-3677653.037992,35712,155658.283432
-2023726.095932,35712,155740.076974
-1556403.643155,35712,155821.237057
-1500272.566017,35712,155902.430921
-4225308.816327,35712,155980.845926
-3676172.352465,34560,156057.21727
-3741988.659629,35712,156135.903203
-2844286.899064,35712,156215.194392
-1395553.463611,34560,156292.117855
-3241503.591594,34560,156369.540872
-1267786.19023,35712,156449.534502
-1637856.180926,35712,156528.2405
-1017318.399468,35712,156608.920958
-1182728.173964,34560,156687.103958
-2103267.618091,34560,156765.241416
-1460380.606408,34560,156843.176559
-868424.080636,35712,156922.432097
-2400846.183803,34560,157001.627899
-2751591.912912,35712,157081.725921
-2519299.785329,35712,157160.090241
-2610778.191507,35712,157238.923501
-2426031.70757,35712,157317.432153
-2106924.863206,35712,157399.005311
-1500280.409036,35712,157478.840091
-4100787.313373,35712,157558.359181
-1280642.805171,34560,157635.535021
-669898.264061,35712,157714.374206
-1476370.223208,35712,157793.59399
-2840058.413952,34560,157870.371807
-1464610.762992,34560,157948.779871
-2558172.382116,35712,158029.217125
-1327763.655598,35712,158109.044425
-1258513.808894,35712,158188.469983
-1029990.472633,34560,158266.128106
-3265996.876839,34560,158343.180846
-3350544.884337,34560,158419.179206
-2383555.107109,35712,158499.899909
-1172731.228521,34560,158578.459759
-1687052.01342,35712,158660.453203
-1694048.115281,35712,158740.076608
-1036033.845852,35712,158820.383991
-2338378.403489,35712,158902.035032
-1807505.783664,35712,158983.407727
-1627708.554687,35712,159064.314085
-8869517.528974,35712,159142.566199
-558881.840888,34560,159219.873504
-1904610.011288,35712,159299.527927
-2264321.443108,35712,159381.390065
-1203790.775371,34560,159459.143713
-975496.90101,34560,159537.531352
-969160.350871,35712,159618.359159
-680347.084198,35712,159698.366339
-3671965.242003,35712,159777.689737
-1810097.875827,34560,159855.550002
-841233.108393,34560,159933.338372
-2154480.432455,34560,160011.704613
-640083.606065,35712,160093.119484
-1131794.8782,34560,160171.448363
-2635264.51198,35712,160252.85269
-1992260.932043,35712,160332.224687
-2034169.286887,35712,160410.938962
-1032482.952933,35712,160492.557939
-609009.077331,35712,160574.122903
-3718630.386943,35712,160656.012479
-2429891.720111,35712,160736.441988
-907544.061482,34560,160813.900716
-2471936.556969,35712,160894.531126
-651139.841884,35712,160973.93679
-788337.185943,34560,161051.526988
-1265468.210987,34560,161129.027853
-1123124.642213,35712,161208.744955
-2527120.573785,35712,161288.380204
-4086953.323691,35712,161368.123203
-1979927.228401,34560,161445.782793
-3373554.703127,34560,161523.806206
-1298924.99831,34560,161600.732019
-664711.768977,35712,161679.650948
-937823.907839,34560,161757.412267
-1032356.380002,35712,161838.021533
-2563425.470703,35712,161919.221989
-1174578.441489,35712,162000.465983
-1300455.541687,35712,162080.512105
-970839.499067,35712,162161.746889
-1818988.934165,35712,162241.050924
-1277867.298473,35712,162322.629275
-854519.141482,34560,162401.265587
-1488242.952233,35712,162484.630402
-1596398.326027,35712,162565.088129
-797964.497024,34560,162643.136552
-3723567.377899,34560,162721.546138
-2529646.171073,35712,162802.322694
-1062307.248431,35712,162883.0824
-2257662.500507,35712,162962.031291
-1195123.260041,34560,163040.898083
-1880002.449952,34560,163116.972802
-1430984.074322,34560,163194.898803
-1550877.524434,35712,163273.862589
-794575.494997,34560,163350.522062
-4115881.485121,35712,163430.191615
-1343414.68748,35712,163509.164988
-597543.553523,35712,163588.436421
-1558679.492945,35712,163667.877657
-1020205.871015,35712,163748.340961
-1580607.382403,35712,163829.243827
-1385403.67834,35712,163910.483738
-765508.596476,34560,163986.350793
-2759881.73149,35712,164065.820432
-964849.547558,35712,164146.386957
-899462.162821,34560,164224.166451
-1720175.273532,34560,164299.92443
-2814267.170048,35712,164378.435244
-1879002.068708,35712,164458.753687
-1905840.354865,35712,164539.220701
-1056561.205005,34560,164615.239741
-2076142.910608,34560,164694.543097
-1748385.846666,34560,164772.347286
-1265475.334779,35712,164851.830064
-1212689.984763,34560,164929.173613
-1801214.781197,35712,165008.278107
-1815361.663828,35712,165087.324157
-2236692.081372,35712,165166.183438
-4370776.553599,35712,165246.002423
-2350872.014432,35712,165325.621934
-584778.507935,35712,165404.259668
-1564119.964096,35712,165485.403916
-2653437.36621,34560,165561.90875
-1030281.955232,35712,165640.851666
-525428.353656,35712,165719.977517
-1411339.104494,34560,165796.720547
-4387610.929574,34560,165874.498352
-3498484.732734,35712,165953.466794
-972141.778983,35712,166034.515053
-1779106.19274,35712,166112.917074
-824112.245582,34560,166188.816022
-2633387.157909,34560,166266.978086
-800408.611264,34560,166344.507142
-1389940.775352,35712,166425.584358
-6759841.422866,34560,166504.751841
-995029.204261,35712,166583.311238
-3075724.794503,35712,166661.823866
-1592318.130212,35712,166740.341157
-1674051.122545,35712,166819.165736
-928395.092426,35712,166897.225098
-545387.983159,35712,166975.501581
-1785842.302131,35712,167053.709331
-1048148.038403,34560,167129.287296
-1025045.09839,35712,167208.015735
-894173.444359,35712,167286.449085
-1000995.685329,34560,167361.973938
-1963213.813392,34560,167439.40194
-2704396.370309,35712,167518.200995
-763031.336482,35712,167596.464278
-3078035.97309,35712,167675.0313
-2270414.892456,34560,167751.086002
-2092973.732192,34560,167827.186133
-1967720.690067,34560,167903.512074
-278518.045679,35712,167982.042181
-571277.421716,34560,168058.25475
-2054610.544969,35712,168137.364346
-1295346.904358,35712,168215.725981
-1608392.093662,35712,168294.082234
-2225201.093445,35712,168372.720901
-5560059.984815,35712,168451.704281
-243788.840341,35712,168530.045101
-1848639.736456,35712,168608.315112
-1178755.619415,34560,168684.245944
-3038172.455827,35712,168763.536546
-4245122.187004,35712,168843.466839
-547863.596982,34560,168919.376116
-1161432.842496,34560,168996.059776
-2744790.031054,35712,169076.083907
-2148341.383417,35712,169156.187426
-2209050.072863,35712,169237.172619
-3234008.251935,34560,169316.224882
-760649.443848,34560,169393.699287
-1725957.09158,34560,169470.940449
-702514.326042,35712,169552.676052
-2752751.57478,34560,169635.919192
-1550313.851837,35712,169719.101785
-2815975.670317,35712,169799.53484
-1043150.608929,35712,169889.568728
-2919779.643952,35712,169973.58642
-1387626.80897,35712,170065.270763
-2341255.680261,35712,170146.112767
-2033516.117319,35712,170225.701551
-1061666.085313,34560,170309.421947
-1093230.85495,35712,170389.569679
-681905.759982,35712,170468.373297
-749811.841133,34560,170544.867245
-672678.96466,34560,170620.797621
-2010817.33811,35712,170702.966193
-1099745.844595,35712,170794.602931
-1323344.086769,35712,170878.771516
-2066440.068512,34560,170955.867373
-1978050.970367,34560,171032.89427
-4949970.999,34560,171122.470994
-3516236.353611,35712,171216.812212
-747285.943033,34560,171298.013354
-3426112.599059,35712,171381.669058
-2296953.511204,35712,171475.282472
-2064419.453962,35712,171569.300563
-3841289.88268,35712,171657.775295
-2536543.542683,35712,171736.995332
-553289.948613,35712,171816.581239
-1161549.427446,35712,171907.360936
-747450.21445,34560,171997.710805
-3848152.206932,35712,172080.285683
-717660.265512,35712,172159.929096
-1539239.321289,34560,172238.643826
-1667201.917017,34560,172326.274585
-812860.67038,35712,172407.56243
-1967174.478587,35712,172487.583064
-1293187.961296,35712,172569.912454
-3424471.183063,34560,172656.822575
-1187732.358186,34560,172745.241894
-1422792.50993,34560,172834.885863
-825218.99669,35712,172917.362242
-2261005.019885,34560,172993.901141
-5170931.830138,35712,173073.708037
-873553.156813,35712,173152.384935
-816989.583586,35712,173231.940652
-1073185.984873,35712,173313.668509
-947696.249702,35712,173392.323148
-1237750.796306,35712,173471.058232
-937610.828292,35712,173557.546501
-4445167.711832,34560,173645.286696
-2000342.45133,35712,173738.005168
-1681554.764176,35712,173831.425064
-1854549.632466,34560,173921.408216
-816111.286037,34560,174000.38347
-2572928.703588,35712,174080.72712
-878168.452072,35712,174168.231986
-687748.691351,35712,174260.325914
-4186386.231824,34560,174341.003066
-1616470.808359,34560,174417.008789
-828188.28541,34560,174492.872065
-2642462.238377,35712,174572.275538
-1153115.979343,34560,174649.253286
-1959852.064401,35712,174728.520168
-1567799.541736,35712,174807.696753
-1897809.150176,35712,174886.667467
-2116418.433633,35712,174965.793697
-2112789.256303,35712,175044.902652
-1579822.197026,35712,175123.832288
-2427085.417116,35712,175203.448604
-602199.445129,34560,175282.472846
-896240.670087,35712,175362.613346
-2399797.062847,35712,175441.732042
-506076.037378,34560,175519.015855
-769877.309916,34560,175595.377113
-1938908.13059,35712,175675.102556
-2015198.387738,35712,175754.205742
-1832905.374209,35712,175832.382448
-760060.42499,34560,175908.077443
-1857196.398003,34560,175984.031979
-3680274.377882,34560,176061.613752
-712253.693756,35712,176141.420756
-1736882.66329,34560,176217.142473
-1649179.296845,35712,176295.159718
-1007343.310734,35712,176373.992515
-2055390.579783,35712,176454.257022
-6175544.830214,35712,176532.326317
-1958746.465083,35712,176612.487533
-1799898.576938,35712,176690.457985
-972791.812328,35712,176769.863326
-674800.530429,34560,176846.468496
-1393811.036432,35712,176927.919714
-1226483.738097,35712,177006.755852
-2927437.605065,34560,177085.231148
-882615.223177,34560,177161.099247
-2104836.311283,35712,177239.399443
-1054682.046373,35712,177318.206325
-3234430.384905,35712,177396.983771
-762438.043731,34560,177473.936461
-963579.222709,34560,177552.485072
-1068874.956326,34560,177630.097597
-556641.090399,35712,177710.714046
-622637.418527,34560,177788.135985
-4449956.343936,35712,177868.783566
-2103334.456464,35712,177948.359768
-2551950.788913,35712,178027.523747
-592945.499748,35712,178106.755248
-818598.415126,35712,178185.770713
-1656310.593302,35712,178264.037629
-971306.700339,35712,178343.068844
-499930.099513,34560,178418.74208
-1173813.728207,35712,178498.189172
-989061.577264,35712,178576.602509
-1066649.695838,34560,178652.715613
-1520886.197857,34560,178728.754859
-1368341.208117,35712,178807.352907
-1379331.614046,35712,178885.931723
-2318686.884518,35712,178964.503521
-960436.484998,34560,179040.401448
-3633947.651591,34560,179116.840967
-3657309.403039,34560,179192.764241
-534505.937535,35712,179271.577678
-1879304.313273,34560,179348.11022
-2023216.291825,35712,179426.602909
-2231813.894513,35712,179504.768833
-1978683.175559,35712,179583.183162
-2000587.235882,35712,179662.467093
-2105171.375466,35712,179740.936572
-429309.823239,35712,179819.014888
-2186764.372382,35712,179897.250788
-4698339.494932,34560,179973.49824
-1464018.814958,35712,180051.892342
-1625034.814495,35712,180130.248148
-1425442.271434,34560,180206.209029
-4205593.33494,34560,180282.932251
-872935.218971,35712,180360.900627
-1774625.011375,35712,180438.780339
-1316317.391254,35712,180517.178036
-1349893.411258,34560,180592.962587
-996772.443154,34560,180668.950706
-2104257.07032,34560,180745.124693
-1482926.361337,35712,180823.785944
-561875.124507,34560,180900.347988
-2175682.004034,35712,180979.299158
-1418561.162187,35712,181057.620636
-1853014.802675,35712,181136.595378
-2213575.130812,35712,181215.276541
-1735354.212177,35712,181294.564878
-721125.156407,35712,181372.788231
-1415353.989897,35712,181451.334657
-1205708.639292,34560,181527.735343
-2094684.787734,35712,181606.691042
-847728.472968,35712,181686.400473
-1878570.975784,34560,181763.248614
-2080079.580872,34560,181838.849045
-1780497.273533,35712,181918.418912
-659506.295655,35712,181999.085372
-3110108.874806,35712,182086.364506
-1635226.102152,34560,182162.140895
-1473781.397738,34560,182238.772388
-3062623.927842,34560,182314.456681
-2003572.954807,35712,182392.766268
-677483.990815,34560,182468.511916
-831301.661218,35712,182546.869344
-2284798.398492,35712,182625.381067
-940088.172642,35712,182704.404465
-743188.400851,35712,182782.85379
-3950944.271476,35712,182863.074412
-2313087.142574,35712,182941.201257
-3798460.675164,35712,183019.779271
-1985856.352193,34560,183095.491847
-2333245.389257,35712,183174.236845
-892363.116085,35712,183252.409311
-900909.311735,34560,183328.177173
-1281911.954177,34560,183403.721262
-1114477.74829,35712,183482.222557
-675312.197789,35712,183560.390557
-1845333.931571,35712,183639.149445
-1821510.54746,34560,183714.906157
-624114.652168,34560,183791.456718
-1292381.140537,34560,183867.838341
-2166111.360749,35712,183946.805964
-2355067.100829,34560,184022.898885
-790895.225397,35712,184101.536011
-1194983.664753,35712,184180.453915
-1882913.55,35712,184259.426701
-1672364.893119,35712,184337.936652
-1201734.30441,35712,184416.444784
-1434798.793419,35712,184495.234694
-1506129.654636,35712,184573.476904
-2081517.875995,34560,184650.202119
-2200620.046925,35712,184729.457286
-2043413.779264,35712,184810.490844
-705240.427674,34560,184887.52065
-964866.379618,34560,184963.175524
-1697106.584249,35712,185041.611061
-1662670.504888,35712,185120.634094
-722885.165639,35712,185200.68126
-421469.670758,34560,185277.100585
-549489.102151,34560,185352.983252
-1650857.0983,34560,185428.985655
-395410.218965,35712,185507.619509
-4623481.309031,34560,185583.947752
-757316.373748,35712,185662.815408
-4698264.531172,35712,185740.438604
-4533040.799726,35712,185818.689013
-2660978.555193,35712,185897.993015
-1718257.251506,35712,185977.850897
-2597363.192519,35712,186057.018348
-2462372.897109,35712,186136.798419
-2408544.789877,34560,186213.429293
-798549.638266,35712,186293.140057
-4443326.065181,35712,186373.495683
-1355503.695448,34560,186450.93349
-663447.878268,34560,186527.551265
-722444.905049,35712,186606.843397
-1500762.179208,35712,186685.328774
-434218.174664,35712,186764.023451
-1090332.092235,34560,186841.419078
-899686.898865,34560,186918.650309
-2129875.240511,34560,186995.583688
-773583.038966,35712,187074.926744
-1693651.479557,34560,187152.444898
-2699161.644729,35712,187232.722787
-1835888.862426,35712,187313.130337
-2752383.849547,35712,187394.274299
-1190206.282062,35712,187473.835983
-1106080.172844,35712,187553.424125
-1446856.737071,35712,187634.178878
-2927770.481385,35712,187715.238068
-2930846.301275,34560,187791.954881
-2073867.449377,35712,187870.542126
-2233486.022342,35712,187949.853213
-1011113.453995,34560,188026.36142
-2383621.742094,34560,188104.174047
-1129305.491085,35712,188185.395721
-952649.655055,35712,188266.681764
-887931.274201,35712,188347.179368
-963195.259493,34560,188424.293864
-1746715.340454,34560,188501.163164
-1298779.951891,34560,188578.335079
-506254.582001,35712,188659.713071
-3131633.929749,34560,188737.274274
-2779278.099433,35712,188816.605495
-1442601.048605,35712,188895.288041
-2543403.434132,35712,188974.210628
-3046891.706433,35712,189053.323865
-1530820.75853,35712,189133.319877
-751427.356656,35712,189211.217801
-2353225.603249,35712,189289.653193
-1226023.427195,34560,189365.621657
-935765.185489,35712,189443.979374
-1304774.005639,35712,189523.160132
-3565627.230194,34560,189599.529994
-1240926.345458,34560,189675.227984
-3304899.128465,35712,189753.85222
-953262.800996,35712,189841.223593
-1271196.489487,35712,189919.01385
-854367.831706,34560,189995.214745
-3429978.280478,34560,190071.013356
-2770932.381208,34560,190147.047255
-1658841.024588,35712,190225.270396
-1066086.23207,34560,190301.467431
-1528488.049302,35712,190381.065907
-1572018.676399,35712,190460.500848
-764871.928988,35712,190540.148174
-1500453.750665,35712,190619.783163
-1856866.924354,35712,190699.61633
-1529338.504369,35712,190779.647701
-3916864.656339,35712,190858.394009
-494180.561677,34560,190934.403111
-1281603.297873,35712,191014.236825
-2980511.134415,35712,191093.129773
-1547203.539085,34560,191169.475059
-892085.619558,34560,191245.569904
-1046647.648173,35712,191324.32294
-928872.742881,35712,191402.832268
-2305665.809412,35712,191481.963529
-1607795.017017,34560,191558.920962
-701931.118183,34560,191636.607576
-2259756.047864,34560,191714.871723
-540053.546892,35712,191795.654807
-1127107.408709,34560,191872.989417
-2376021.760239,35712,191951.68523
-1429924.798042,35712,192030.271853
-1802318.828295,35712,192109.673908
-1041604.164638,35712,192188.498743
-576427.262857,35712,192267.826841
-3205539.084586,35712,192347.820649
-2775628.980228,35712,192428.276217
-894677.831154,34560,192504.268133
-1922990.494166,35712,192582.674137
-611536.535244,35712,192660.88323
-755317.20519,34560,192736.674831
-1246538.478582,34560,192813.132016
-765471.39148,35712,192891.660958
-3816228.213327,35712,192969.624133
-4141513.080578,35712,193048.974514
-1383913.620934,34560,193125.22202
-2697565.883288,34560,193201.618313
-961828.025052,34560,193279.918341
-671680.809075,35712,193358.715896
-927183.166694,34560,193435.171137
-872447.535483,35712,193514.695724
-2758294.857576,35712,193594.836391
-1322730.275263,35712,193674.782447
-1094069.959743,35712,193756.458001
-1003424.706121,35712,193835.438716
-1394537.460309,35712,193914.115965
-995905.537543,35712,193993.23759
-968568.069091,34560,194070.875316
-1315046.51095,35712,194149.73243
-1712779.524297,35712,194228.390401
-901147.991878,34560,194304.670916
-2458743.611292,34560,194381.669575
-2368858.356743,35712,194461.0197
-755078.129047,35712,194540.598156
-1927797.134677,35712,194621.446311
-799557.298738,34560,194697.782678
-1728499.83887,34560,194773.83094
-1248193.788766,34560,194850.085648
-1452832.242377,35712,194928.774405
-713028.345816,34560,195005.292961
-2749146.135337,35712,195084.179769
-1075248.417787,35712,195164.264066
-565899.579469,35712,195243.785696
-1717438.93436,35712,195323.45136
-992087.702272,35712,195402.733059
-1135486.004197,35712,195481.819899
-1331757.766192,35712,195561.474824
-591197.371968,34560,195714.954885
-2715338.718477,35712,195796.123947
-1008468.479036,35712,195876.811207
-922951.714599,34560,195954.410416
-2339768.393393,34560,196031.184074
-2583377.720803,35712,196110.809405
-1494545.584581,35712,196189.883956
-1812675.215382,35712,196269.662699
-995036.899758,34560,196347.261506
-2114558.148479,34560,196423.923284
-1477502.399051,34560,196501.615533
-1013717.135782,35712,196581.329329
-1072573.19678,34560,196659.424459
-2400252.008308,35712,196738.5797
-861789.101344,35712,196816.992441
-2864160.911101,35712,196895.741342
-2154319.625801,35712,196974.695147
-2088419.292013,35712,197053.358536
-564304.778745,35712,197131.98368
-1839895.197393,35712,197211.017923
-2026749.79854,34560,197287.655691
-965555.380005,35712,197366.173752
-520435.247635,35712,197444.313479
-1265154.056625,34560,197520.483118
-4372162.468797,34560,197597.50174
-2132314.286074,35712,197677.505506
-817610.505426,35712,197756.865401
-1889450.350598,35712,197835.776945
-735853.310077,34560,197911.885666
-3073947.862506,34560,197988.193512
-626362.288653,34560,198063.934645
-1086914.764589,35712,198142.410473
-4656766.962178,34560,198219.304887
-837113.258244,35712,198298.924572
-2067655.092791,35712,198378.590248
-1318959.060653,35712,198458.51412
-1410145.097732,35712,198539.621482
-723200.518373,35712,198618.714357
-672170.000029,35712,198696.894217
-1785656.349765,35712,198775.183015
-977248.500292,34560,198851.383885
-936210.766662,35712,198931.466546
-1310433.245445,35712,199010.706097
-845904.978579,34560,199086.255668
-2077182.788926,34560,199162.736042
-1997247.036367,35712,199242.29355
-637819.991783,35712,199322.227158
-4391102.757632,35712,199402.343716
-2218646.623521,34560,199479.720069
-2420601.692642,34560,199555.978005
-1762719.606764,34560,199631.595831
-286446.496253,35712,199710.303555
-513967.660449,34560,199786.625973
-1729398.672678,35712,199866.573943
-1744647.259423,35712,199946.031365
-1035864.439739,35712,200024.83327
-1527726.748534,35712,200105.743806
-3303583.207514,35712,200184.641683
-294971.156169,35712,200263.937583
-1585100.302583,35712,200342.916209
-833365.048794,34560,200418.863472
-2396404.700082,35712,200496.867287
-2922627.722841,35712,200575.655799
-444476.693321,34560,200651.055253
-1115788.548464,34560,200726.916221
-1383848.049206,35712,200805.593677
-1731764.909538,35712,200883.569781
-1676082.114567,35712,200962.06517
-2159615.988052,34560,201037.339138
-814163.209495,34560,201112.887523
-1303898.019363,34560,201188.745971
-879378.301433,35712,201268.139392
-2271752.839031,34560,201345.736602
-1123090.234848,35712,201423.980612
-2776095.013847,35712,201504.466003
-903198.370782,35712,201584.632138
-2948494.298269,35712,201664.0645
-1094168.043172,35712,201743.670117
-2317389.234019,35712,201822.725591
-1572797.456688,35712,201901.793138
